Term,Sax String
gotabayar,baaaaaaaaa
spoke,baaaaaaaaa
interacting,bbbbbbbbbb
ccp,baaaaaaaaa
approved,bbbbbbbbbb
blockc,abbbbbbbba
veganwashing,bbbbbbbbbb
cdc,baaaaaaaaa
478000,bbbbbbbbbb
switzerland,baaaaaaaaa
spreading,baaaaaaaaa
competent,bbbbbbbbbb
230m,bbbbbbbbbb
60916,bbbbbbbbbb
prioritization,bbbbbbbbbb
diplomacy,bbbbbbbbbb
latino,abbbbbbbba
soriot,bbbbbbbbbb
telling,baaaaaaaaa
hank,bbbbbbbbbb
hosting,bbbbbbbbbb
1000,baaaaaaaaa
bjp4india,bbbbbbbbba
ceo,abbbbbbbba
thedauk,bbbbbbbbbb
kristindonnelly,bbbbbbbbbb
tga,abbbbbbbba
rejects,bbbbbbbbbb
rashidatlaib,bbbbbbbbba
selfish,baaaaaaaaa
characteri,bbbbbbbbbb
willjhrt,bbbbbbbbbb
gandhi,baaaaaaaaa
resigned,bbbbbbbbbb
ordered,baaaaaaaaa
reinfection,bbbbbbbbbb
approves,bbbbbbbbbb
kerala,baaaaaaaaa
asymptomatic,bbbbbbbbbb
2oodnddvzr,bbbbbbbbbb
australians,bbbbbbbbbb
tha,baaaaaaaaa
aranganathan72,bbbbbbbbba
halt,bbbbbbbbba
destroyed,bbbbbbbbbb
joebidens,bbbbbbbbbb
thi,baaaaaaaaa
norway,bbbbbbbbbb
quarantine,bbbbbbbbbb
tho,bbbbbbbbba
dpjhodges,bbbbbbbbbb
november,bbbbbbbbbb
replic,bbbbbbbbbb
dig1v9qduy,bbbbbbbbbb
100m,baaaaaaaaa
vaccinated,abbbbbbbba
pigs,bbbbbbbbbb
suffered,bbbbbbbbbb
vaccinemaitri,abbbbbbbba
pdemetrious,bbbbbbbbbb
parismarx,bbbbbbbbbb
tim,bbbbbbbbba
predicted,bbbbbbbbbb
delivering,bbbbbbbbbb
making,abbbbbbbba
stphane,bbbbbbbbbb
asanilta,bbbbbbbbbb
kakalibisui,bbbbbbbbbb
jennerpractice,bbbbbbbbbb
gone,abbbbbbbba
outsourcing,bbbbbbbbbb
willbooker32,bbbbbbbbbb
archrose90,baaaaaaaaa
justintrudeau,bbbbbbbbba
reopening,bbbbbbbbbb
mkainerugaba,bbbbbbbbbb
norbertelekes,bbbbbbbbbb
ramping,bbbbbbbbbb
expanded,bbbbbbbbbb
denmark,baaaaaaaaa
provides,bbbbbbbbbb
patrick,abbbbbbbba
ensuring,bbbbbbbbbb
spoil,abbbbbbbba
glyphosate,bbbbbbbbbb
blocks,bbbbbbbbbb
doomscrolling,bbbbbbbbbb
tweet,bbbbbbbbba
allegations,bbbbbbbbbb
primalpolitical,bbbbbbbbbb
21st,bbbbbbbbba
mehboob,bbbbbbbbbb
handling,bbbbbbbbbb
taking,baaaaaaaaa
impeach,abbbbbbbba
vaccinatio,bbbbbbbbba
govlarryhogan,abbbbbbbba
loved,bbbbbbbbbb
chills,bbbbbbbbbb
dr2nisreenalwan,abbbbbbbba
protecting,abbbbbbbba
poorer,bbbbbbbbba
went,baaaaaaaaa
considering,bbbbbbbbbb
berniespofforth,baaaaaaaaa
traveling,baaaaaaaaa
mutation,bbbbbbbbbb
bringing,bbbbbbbbbb
schools,baaaaaaaaa
cernovich,bbbbbbbbbb
transparency,bbbbbbbbbb
presser,baaaaaaaaa
orders,bbbbbbbbbb
sars,abbbbbbbba
vaccination,abbbbbbbba
thats,abbbbbbbba
women,bbbbbbbbba
165714,bbbbbbbbbb
fuck,abbbbbbbba
increas,bbbbbbbbbb
nigerian,bbbbbbbbba
mandatory,bbbbbbbbbb
kamalaharris,bbbbbbbbbb
deitaone,bbbbbbbbbb
berniesanders,bbbbbbbbbb
kentucky,bbbbbbbbbb
nadhimzahawi,baaaaaaaaa
morrison,baaaaaaaaa
statewide,bbbbbbbbbb
brianlilley,bbbbbbbbbb
cnn,abbbbbbbba
gaming,bbbbbbbbbb
stupidity,bbbbbbbbbb
retweet,bbbbbbbbba
vaccinating,bbbbbbbbbb
drugs,bbbbbbbbba
premier,bbbbbbbbba
asian,bbbbbbbbba
ross,abbbbbbbba
allergic,bbbbbbbbbb
mygovindia,abbbbbbbba
countys,bbbbbbbbbb
communities,bbbbbbbbbb
infect,abbbbbbbba
com,bbbbbbbbba
con,bbbbbbbbba
kudos,bbbbbbbbbb
cou,bbbbbbbbba
lets,abbbbbbbba
marijuana,baaaaaaaaa
cov,abbbbbbbba
rtenews,bbbbbbbbbb
kashi,bbbbbbbbbb
biggest,abbbbbbbba
govt,bbbbbbbbba
antonioguterres,bbbbbbbbbb
xx06dgtwxw,bbbbbbbbbb
thejeremyvine,bbbbbbbbbb
las,bbbbbbbbbb
produ,baaaaaaaaa
circumstances,bbbbbbbbbb
gove,abbbbbbbba
wales,bbbbbbbbbb
lbc,baaaaaaaaa
christmas,bbbbbbbbbb
200,abbbbbbbba
sirpatstew,bbbbbbbbbb
were,bbbbbbbbba
tru,bbbbbbbbba
became,bbbbbbbbbb
arizona,abbbbbbbba
weve,baaaaaaaaa
jackiefielder,bbbbbbbbbb
picardonhealth,bbbbbbbbba
times,baaaaaaaaa
coincidence,bbbbbbbbbb
says,bbbbbbbbbb
encourag,bbbbbbbbba
comments,bbbbbbbbbb
bymikebaker,bbbbbbbbbb
m2xjahwjdr,bbbbbbbbbb
20000,abbbbbbbba
appts,bbbbbbbbbb
damning,bbbbbbbbbb
148350,bbbbbbbbbb
probe,bbbbbbbbba
cv19,baaaaaaaaa
directing,bbbbbbbbbb
immu,baaaaaaaaa
capita,bbbbbbbbba
caught,abbbbbbbba
pres,bbbbbbbbbb
gotten,bbbbbbbbba
mskellymhayes,bbbbbbbbbb
rahul,baaaaaaaaa
segaleran,bbbbbbbbbb
japan,abbbbbbbba
biotechs,bbbbbbbbbb
aidilarazak,bbbbbbbbbb
led,baaaaaaaaa
budweiser,bbbbbbbbbb
quic,baaaaaaaaa
lee,bbbbbbbbba
worked,baaaaaaaaa
alexberenson,bbbbbbbbba
stats,bbbbbbbbbb
prep,abbbbbbbba
jugnauthkumar,bbbbbbbbbb
philippines,bbbbbbbbbb
appointments,bbbbbbbbbb
andrewharding9,bbbbbbbbbb
cares,bbbbbbbbbb
neighborhoods,bbbbbbbbbb
ctv,abbbbbbbba
havent,baaaaaaaaa
ballet,bbbbbbbbbb
cromwellstuff,baaaaaaaaa
gridlocked,bbbbbbbbbb
creating,bbbbbbbbbb
shots,abbbbbbbba
biotech,bbbbbbbbba
muslim,abbbbbbbba
toronto,bbbbbbbbba
distribu,baaaaaaaaa
dollars,bbbbbbbbbb
strains,abbbbbbbba
250,baaaaaaaaa
klain,bbbbbbbbbb
does,bbbbbbbbbb
waitingif,bbbbbbbbbb
reported,baaaaaaaaa
immigrants,bbbbbbbbbb
cvs,bbbbbbbbbb
refused,bbbbbbbbbb
donating,bbbbbbbbbb
accused,bbbbbbbbbb
lottery,bbbbbbbbbb
services,bbbbbbbbbb
refuses,bbbbbbbbbb
erinotoole,bbbbbbbbbb
admitting,bbbbbbbbbb
demanded,bbbbbbbbbb
politicalmath,baaaaaaaaa
mdub2829,bbbbbbbbbb
grrlmd,bbbbbbbbbb
slapped,bbbbbbbbbb
doge,bbbbbbbbbb
sidelines,bbbbbbbbbb
paying,bbbbbbbbbb
holidays,bbbbbbbbbb
leifermd,bbbbbbbbbb
volunteering,bbbbbbbbbb
dogs,bbbbbbbbbb
homes,baaaaaaaaa
x9gfckglzh,bbbbbbbbbb
hbar,abbbbbbbba
excoriated,bbbbbbbbbb
starts,abbbbbbbba
tech,baaaaaaaaa
karol,baaaaaaaaa
cyrilramaphosa,abbbbbbbba
athletes,bbbbbbbbbb
swayne,bbbbbbbbbb
nurses,bbbbbbbbbb
privileged,bbbbbbbbbb
zients,bbbbbbbbbb
levinepmc,baaaaaaaaa
cards,bbbbbbbbbb
angelarayner,bbbbbbbbbb
resistant,bbbbbbbbbb
beijing,bbbbbbbbbb
hours,baaaaaaaaa
bun5zhhh0s,bbbbbbbbbb
refusal,bbbbbbbbbb
advised,bbbbbbbbbb
inaugurated,bbbbbbbbbb
adityarajkaul,abbbbbbbba
neutralize,bbbbbbbbbb
gulerias,bbbbbbbbbb
mlkendricks,bbbbbbbbbb
klans,bbbbbbbbbb
fallen,abbbbbbbba
paid,bbbbbbbbba
spared,bbbbbbbbbb
reducing,bbbbbbbbbb
jonfavs,bbbbbbbbbb
seanhannity,bbbbbbbbbb
celebrities,bbbbbbbbbb
imagined,bbbbbbbbbb
twitter,baaaaaaaaa
measures,bbbbbbbbbb
coats,bbbbbbbbbb
duffasteve,bbbbbbbbbb
7fghxy9xsr,bbbbbbbbbb
ferrying,bbbbbbbbbb
dispensary,bbbbbbbbbb
lewisgoodall,bbbbbbbbbb
players,bbbbbbbbbb
ashcroft,abbbbbbbba
kpsharmaoli,bbbbbbbbbb
pennsylvania,baaaaaaaaa
dolly,bbbbbbbbbb
requires,bbbbbbbbbb
bigo,baaaaaaaaa
lol,bbbbbbbbba
paperwork,abbbbbbbba
planned,bbbbbbbbbb
nbcnews,bbbbbbbbbb
anti,bbbbbbbbba
studyin,bbbbbbbbbb
glasses,bbbbbbbbbb
los,bbbbbbbbbb
congressman,abbbbbbbba
uae,bbbbbbbbba
inheriting,bbbbbbbbbb
solidarity,bbbbbbbbbb
phases,baaaaaaaaa
meant,bbbbbbbbba
means,bbbbbbbbba
centre,bbbbbbbbbb
pinkwashing,bbbbbbbbbb
prof,baaaaaaaaa
performed,bbbbbbbbbb
pipeline,bbbbbbbbbb
whitehouse,bbbbbbbbbb
elleprovocateur,abbbbbbbba
contradicted,bbbbbbbbbb
launched,baaaaaaaaa
counselling,bbbbbbbbbb
shows,baaaaaaaaa
shown,bbbbbbbbba
prompting,bbbbbbbbbb
jordan,bbbbbbbbba
checked,bbbbbbbbbb
keeps,baaaaaaaaa
keystone,bbbbbbbbbb
unethical,bbbbbbbbbb
raising,bbbbbbbbbb
doapworld,bbbbbbbbbb
donlew87,bbbbbbbbbb
created,bbbbbbbbbb
minutes,bbbbbbbbbb
happybirthdaydiljitdosanjh,bbbbbbbbbb
davosagenda,baaaaaaaaa
done,bbbbbbbbba
stays,bbbbbbbbbb
marcorubio,abbbbbbbba
countless,baaaaaaaaa
bihy,bbbbbbbbbb
2rdv483jto,bbbbbbbbbb
residents,bbbbbbbbbb
alexwickham,baaaaaaaaa
dont,abbbbbbbba
canadians,abbbbbbbba
launches,bbbbbbbbbb
tens,bbbbbbbbbb
advocating,bbbbbbbbbb
ketvlincoln,bbbbbbbbbb
mike,abbbbbbbba
logistics,bbbbbbbbbb
agencie,bbbbbbbbbb
werent,bbbbbbbbba
equitable,bbbbbbbbbb
blaming,bbbbbbbbbb
xxu5ojcgzq,bbbbbbbbbb
intl3e0mg,bbbbbbbbbb
jolyonrubs,bbbbbbbbbb
ltc,bbbbbbbbba
paro,abbbbbbbba
spiteful,bbbbbbbbbb
unbelievable,bbbbbbbbbb
22nd,bbbbbbbbba
temp,abbbbbbbba
built,abbbbbbbba
zook,bbbbbbbbbb
seeking,bbbbbbbbbb
whcovidresponse,bbbbbbbbbb
gratitude,bbbbbbbbbb
further,bbbbbbbbba
biontechgroup,bbbbbbbbbb
bidens,abbbbbbbba
dwuhlfelderlaw,bbbbbbbbba
demands,bbbbbbbbbb
georgemonbiot,abbbbbbbba
dec,abbbbbbbba
contracted,bbbbbbbbbb
hasnt,bbbbbbbbba
astrokatie,bbbbbbbbbb
presidents,bbbbbbbbbb
areas,bbbbbbbbbb
parliament,bbbbbbbbba
dem,baaaaaaaaa
conducting,bbbbbbbbbb
intimidatory,bbbbbbbbbb
der,abbbbbbbba
finds,bbbbbbbbbb
simone,bbbbbbbbbb
azdhs,bbbbbbbbbb
davidson,abbbbbbbba
chicago,baaaaaaaaa
cuba,baaaaaaaaa
rebeccalacey,bbbbbbbbbb
provinces,bbbbbbbbbb
fined,bbbbbbbbbb
preventing,bbbbbbbbba
going,bbbbbbbbba
amandionair,bbbbbbbbbb
abbott,baaaaaaaaa
smear,bbbbbbbbba
bodies,bbbbbbbbbb
mattmfm,baaaaaaaaa
bharat,bbbbbbbbba
walgreens,bbbbbbbbbb
accelerating,bbbbbbbbbb
waited,baaaaaaaaa
existed,bbbbbbbbbb
hackedoffhugh,bbbbbbbbba
globalhlthtwit,baaaaaaaaa
whove,bbbbbbbbbb
id2020,bbbbbbbbba
philadelphia,bbbbbbbbba
consignment,bbbbbbbbbb
wednesday,bbbbbbbbbb
brad,baaaaaaaaa
nathanstall,bbbbbbbbbb
scottgottliebmd,baaaaaaaaa
apartheid,bbbbbbbbba
rollouts,bbbbbbbbbb
sturgeon,bbbbbbbbba
stealing,bbbbbbbbbb
dhs,bbbbbbbbbb
doug,abbbbbbbba
paul,baaaaaaaaa
richest,baaaaaaaaa
did,bbbbbbbbba
kamala,abbbbbbbba
incl,bbbbbbbbba
atrupar,baaaaaaaaa
therapeutics,bbbbbbbbbb
london,baaaaaaaaa
hollywood,bbbbbbbbba
tweets,bbbbbbbbbb
believing,bbbbbbbbbb
recommendations,bbbbbbbbbb
fears,bbbbbbbbbb
dis,bbbbbbbbbb
b52malmet,bbbbbbbbba
brings,bbbbbbbbbb
passport,baaaaaaaaa
adding,bbbbbbbbbb
margaret,baaaaaaaaa
airlines,bbbbbbbbbb
criminally,bbbbbbbbbb
uks,baaaaaaaaa
info,bbbbbbbbba
renewing,bbbbbbbbbb
chartered,bbbbbbbbbb
hancock,baaaaaaaaa
angeles,bbbbbbbbbb
adminis,bbbbbbbbbb
valnevase,bbbbbbbbbb
misleading,bbbbbbbbbb
freezer,bbbbbbbbba
ckmkb,bbbbbbbbbb
walensky,bbbbbbbbbb
influenza,abbbbbbbba
amateuradam,bbbbbbbbbb
needles,bbbbbbbbbb
drericding,bbbbbbbbbb
papers,bbbbbbbbbb
states,baaaaaaaaa
wasnt,abbbbbbbba
houston,baaaaaaaaa
govinslee,bbbbbbbbbb
podcast,bbbbbbbbba
disgusting,bbbbbbbbbb
kizzyphd,abbbbbbbba
qanon,abbbbbbbba
applaud,abbbbbbbba
billions,bbbbbbbbbb
harris,abbbbbbbba
sytynfmufw,bbbbbbbbbb
advert,bbbbbbbbba
gaslight,baaaaaaaaa
expands,bbbbbbbbbb
statistically,bbbbbbbbbb
concerns,bbbbbbbbbb
yangerinc,bbbbbbbbbb
erictopol,abbbbbbbba
henry,bbbbbbbbbb
ukcovid19stats,bbbbbbbbbb
recommends,bbbbbbbbbb
showing,abbbbbbbba
articles,bbbbbbbbbb
upcoming,bbbbbbbbbb
vaccinations,baaaaaaaaa
helping,bbbbbbbbba
askanshul,baaaaaaaaa
bullies,bbbbbbbbbb
doesnt,bbbbbbbbba
lockdowns,baaaaaaaaa
saraqdavid,bbbbbbbbbb
supplies,bbbbbbbbbb
dna,bbbbbbbbba
revealed,bbbbbbbbbb
injected,bbbbbbbbbb
latin,bbbbbbbbba
proudly,bbbbbbbbbb
letters,bbbbbbbbbb
lying,bbbbbbbbbb
timrunshismouth,abbbbbbbba
scalper,bbbbbbbbbb
researchers,bbbbbbbbbb
made,bbbbbbbbba
signed,abbbbbbbba
punts,bbbbbbbbbb
channel4news,bbbbbbbbbb
bezos,bbbbbbbbbb
hoping,baaaaaaaaa
jesus,bbbbbbbbbb
served,bbbbbbbbbb
warned,bbbbbbbbbb
disillusioned,bbbbbbbbbb
opens,abbbbbbbba
messages,bbbbbbbbbb
ups,abbbbbbbba
doc,bbbbbbbbba
sueperkins,bbbbbbbbbb
bullied,bbbbbbbbbb
doh,abbbbbbbba
britsham,bbbbbbbbbb
don,baaaaaaaaa
i2mjs974oo,bbbbbbbbbb
dosages,bbbbbbbbbb
dos,baaaaaaaaa
inflated,bbbbbbbbbb
targets,abbbbbbbba
aijv9xtun3,bbbbbbbbbb
govmikedewine,bbbbbbbbbb
willfully,bbbbbbbbbb
brit,abbbbbbbba
kylegriffin1,baaaaaaaaa
maga,abbbbbbbba
brosephstalin,bbbbbbbbbb
knows,bbbbbbbbba
mar,bbbbbbbbba
opindiacom,bbbbbbbbbb
dailycaller,bbbbbbbbbb
atlanticans,bbbbbbbbbb
myths,baaaaaaaaa
deniers,bbbbbbbbbb
todays,bbbbbbbbbb
singapore,bbbbbbbbbb
demigodgeous,bbbbbbbbbb
300,abbbbbbbba
drdompimenta,bbbbbbbbba
bhutan,abbbbbbbba
residency,bbbbbbbbbb
usa,baaaaaaaaa
prioritised,bbbbbbbbbb
unojenwood,bbbbbbbbbb
uiychnmspz,bbbbbbbbbb
denisrancourt,abbbbbbbba
defending,bbbbbbbbbb
nursing,bbbbbbbbbb
jamilsmith,bbbbbbbbbb
uss,bbbbbbbbbb
flexlibris,bbbbbbbbbb
rubio,abbbbbbbba
surgin,bbbbbbbbbb
evide,bbbbbbbbbb
feds,bbbbbbbbbb
carolina,bbbbbbbbba
drs,bbbbbbbbbb
indiafightscorona,abbbbbbbba
includes,bbbbbbbbbb
picking,bbbbbbbbbb
becomes,bbbbbbbbbb
drtaban,bbbbbbbbbb
millionaire,bbbbbbbbbb
lists,bbbbbbbbbb
skarlamangla,baaaaaaaaa
parton,baaaaaaaaa
lizneedhamstar,bbbbbbbbbb
disabledphd,bbbbbbbbbb
mvmeet,baaaaaaaaa
veterans,bbbbbbbbbb
med,bbbbbbbbba
nonsense,bbbbbbbbbb
theautismdad,bbbbbbbbbb
lv1gmvnpbx,bbbbbbbbbb
mem,baaaaaaaaa
reckless,abbbbbbbba
pfizervaccine,bbbbbbbbbb
men,baaaaaaaaa
ditabe,bbbbbbbbbb
threats,bbbbbbbbbb
met,baaaaaaaaa
included,bbbbbbbbbb
nadhim,baaaaaaaaa
attempting,bbbbbbbbbb
0cj07et730,bbbbbbbbbb
sinopharm,bbbbbbbbba
questioned,bbbbbbbbbb
merck,abbbbbbbba
surveyed,bbbbbbbbbb
lavery,bbbbbbbbbb
trending,bbbbbbbbbb
messing,bbbbbbbbbb
6329968,bbbbbbbbbb
woke,bbbbbbbbba
tariqnasheed,bbbbbbbbbb
instagram,bbbbbbbbba
bullshit,baaaaaaaaa
happier,abbbbbbbba
jbenmenachem,bbbbbbbbbb
released,bbbbbbbbbb
goals,bbbbbbbbbb
boxes,bbbbbbbbbb
august,baaaaaaaaa
received,baaaaaaaaa
mrna,bbbbbbbbba
suku1xrw6c,bbbbbbbbbb
booti,bbbbbbbbbb
vikasopikaso,bbbbbbbbbb
highest,bbbbbbbbba
bame,bbbbbbbbba
receives,bbbbbbbbbb
caslernoel,bbbbbbbbbb
n10bn,baaaaaaaaa
invested,bbbbbbbbbb
worlds,bbbbbbbbba
scam,bbbbbbbbba
mid,abbbbbbbba
epidemiologists,bbbbbbbbbb
fell,bbbbbbbbba
shares,bbbbbbbbbb
mil,abbbbbbbba
1st,bbbbbbbbba
min,abbbbbbbba
reutershealth,bbbbbbbbbb
supports,abbbbbbbba
therustler83,abbbbbbbba
workers,baaaaaaaaa
cuts,bbbbbbbbbb
oflynnsocial,bbbbbbbbbb
stat,bbbbbbbbba
strategies,bbbbbbbbbb
inte,bbbbbbbbbb
toryfibs,bbbbbbbbbb
trumpbegged,bbbbbbbbbb
polio,bbbbbbbbba
releases,bbbbbbbbbb
controlled,baaaaaaaaa
redsteeze,bbbbbbbbbb
isxa0declared,bbbbbbbbbb
holds,bbbbbbbbbb
pharma,abbbbbbbba
experts,baaaaaaaaa
seeks,bbbbbbbbbb
funder,bbbbbbbbba
misspoke,bbbbbbbbbb
protects,bbbbbbbbbb
lasts,bbbbbbbbbb
mkb,bbbbbbbbbb
forced,bbbbbbbbbb
106367,bbbbbbbbbb
numbers,baaaaaaaaa
bolsonaro,baaaaaaaaa
40yr,bbbbbbbbbb
arent,baaaaaaaaa
funded,bbbbbbbbbb
pfizers,bbbbbbbbba
california,baaaaaaaaa
govrondesantis,bbbbbbbbbb
trudeaus,abbbbbbbba
admitted,bbbbbbbbbb
martindaubney,bbbbbbbbbb
hek0p2j2st,bbbbbbbbbb
studying,bbbbbbbbbb
fahadmh,bbbbbbbbbb
dropping,bbbbbbbbbb
alisonmpeacock,bbbbbbbbbb
solutions,bbbbbbbbbb
worldofnc,abbbbbbbba
invited,bbbbbbbbbb
felt,abbbbbbbba
wont,abbbbbbbba
425596,bbbbbbbbbb
korea,abbbbbbbba
patho,bbbbbbbbbb
advisers,bbbbbbbbbb
bhupendrachaube,bbbbbbbbbb
nicola,bbbbbbbbba
forces,bbbbbbbbbb
fema,baaaaaaaaa
maldives,bbbbbbbbbb
secured,bbbbbbbbbb
tuanzy,bbbbbbbbbb
internet,abbbbbbbba
cussbtfkqv,bbbbbbbbbb
p3zqwsvmr1,bbbbbbbbbb
needed,abbbbbbbba
invoking,bbbbbbbbbb
lord,abbbbbbbba
financialtimes,bbbbbbbbbb
admin,bbbbbbbbba
polls,bbbbbbbbbb
stocks,abbbbbbbba
mohamednasheed,bbbbbbbbbb
peopl,bbbbbbbbba
patel,abbbbbbbba
educative,bbbbbbbbbb
activists,baaaaaaaaa
hgangwtgvm,bbbbbbbbbb
marr,baaaaaaaaa
meaningfulness,bbbbbbbbbb
simongreaves,bbbbbbbbbb
cells,abbbbbbbba
richer,bbbbbbbbba
joemartin66,bbbbbbbbbb
tribute,bbbbbbbbbb
ireland,baaaaaaaaa
auspol,bbbbbbbbba
demoralising,bbbbbbbbbb
reliably,bbbbbbbbbb
claimed,baaaaaaaaa
thetimes,bbbbbbbbbb
mon,abbbbbbbba
mor,baaaaaaaaa
vac,bbbbbbbbba
gavinnewsom,bbbbbbbbba
attempts,baaaaaaaaa
profits,bbbbbbbbbb
leftover,bbbbbbbbbb
matt,bbbbbbbbba
exceptional,bbbbbbbbbb
vax,bbbbbbbbba
mps,bbbbbbbbbb
inequality,bbbbbbbbbb
knowing,baaaaaaaaa
providence,bbbbbbbbbb
delays,bbbbbbbbbb
uuyli5vz1q,bbbbbbbbbb
registration,bbbbbbbbbb
stated,baaaaaaaaa
republican,abbbbbbbba
davidscullion,bbbbbbbbbb
ramming,bbbbbbbbbb
k95i2m8h6p,baaaaaaaaa
perdue,bbbbbbbbbb
believes,bbbbbbbbbb
unsubtledesi,bbbbbbbbbb
foxla,baaaaaaaaa
ethnyagami,baaaaaaaaa
rushed,bbbbbbbbbb
believed,bbbbbbbbbb
nted3hjndx,bbbbbbbbbb
europe,bbbbbbbbbb
skyriakideseu,baaaaaaaaa
facebook,abbbbbbbba
aged,bbbbbbbbbb
genocide,bbbbbbbbbb
yorkshirepost,abbbbbbbba
immunisation,bbbbbbbbbb
carers,abbbbbbbba
indias,abbbbbbbba
cutting,abbbbbbbba
21wire,baaaaaaaaa
ages,bbbbbbbbbb
indian,bbbbbbbbba
insult,abbbbbbbba
hospitals,bbbbbbbbbb
suhelseth,bbbbbbbbbb
nigelfarage,bbbbbbbbbb
prepared,bbbbbbbbbb
msm,bbbbbbbbba
fertility,bbbbbbbbbb
negligent,bbbbbbbbbb
atulgawande,bbbbbbbbbb
mrharrycole,bbbbbbbbbb
alexabads,bbbbbbbbbb
expecting,abbbbbbbba
ver,abbbbbbbba
flabbergasted,bbbbbbbbbb
failed,baaaaaaaaa
shipped,bbbbbbbbbb
preparing,bbbbbbbbbb
lindseygrahamsc,baaaaaaaaa
syringes,bbbbbbbbbb
seems,bbbbbbbbbb
rodham,bbbbbbbbbb
mum,bbbbbbbbba
minimu,bbbbbbbbbb
congratulations,bbbbbbbbbb
latimes,bbbbbbbbbb
cubas,bbbbbbbbbb
schwarzenegger,bbbbbbbbbb
balchinimelda,bbbbbbbbbb
jackson,bbbbbbbbba
catturd2,baaaaaaaaa
talks,bbbbbbbbbb
tedlieu,bbbbbbbbbb
riots,bbbbbbbbbb
tylerwatt90,bbbbbbbbba
notified,bbbbbbbbbb
spent,baaaaaaaaa
shipments,bbbbbbbbbb
existent,bbbbbbbbbb
jack,abbbbbbbba
twilightreborn,bbbbbbbbbb
mojos55,abbbbbbbba
jabs,bbbbbbbbba
francis,bbbbbbbbbb
providers,bbbbbbbbbb
hands,bbbbbbbbbb
saved,bbbbbbbbbb
sufficiently,bbbbbbbbbb
allowed,baaaaaaaaa
staying,bbbbbbbbbb
implanting,bbbbbbbbbb
fergieajenkins,bbbbbbbbbb
hiiipowers,bbbbbbbbbb
ignoring,bbbbbbbbbb
hawleymo,abbbbbbbba
modellers,bbbbbbbbbb
magnanimously,bbbbbbbbbb
liberals,bbbbbbbbbb
cummings,bbbbbbbbbb
vip,baaaaaaaaa
moving,bbbbbbbbbb
shouldve,bbbbbbbbbb
agrees,bbbbbbbbbb
dealing,bbbbbbbbbb
inviting,bbbbbbbbbb
google,bbbbbbbbbb
israels,bbbbbbbbba
shivaroor,bbbbbbbbbb
minnesota,bbbbbbbbba
boris,bbbbbbbbbb
israeli,bbbbbbbbbb
restaurants,bbbbbbbbbb
happening,baaaaaaaaa
fergalbowers,bbbbbbbbbb
unused,bbbbbbbbbb
j8lselptdp,bbbbbbbbbb
boston,baaaaaaaaa
beware,bbbbbbbbbb
wouldnt,baaaaaaaaa
thealiceroberts,bbbbbbbbbb
c8dhkpdj6m,bbbbbbbbbb
shownus,bbbbbbbbbb
catastrophic,bbbbbbbbbb
reversing,bbbbbbbbbb
devastated,bbbbbbbbbb
agreed,bbbbbbbbbb
website,bbbbbbbbbb
stre,bbbbbbbbbb
failures,bbbbbbbbbb
dminghella,baaaaaaaaa
pushing,bbbbbbbbbb
1249,bbbbbbbbbb
monopolize,bbbbbbbbbb
sccath,bbbbbbbbbb
rounds,bbbbbbbbbb
instructions,bbbbbbbbbb
addressing,bbbbbbbbbb
notes,bbbbbbbbbb
generates,bbbbbbbbbb
novavax,abbbbbbbba
lethal,bbbbbbbbba
isabeloakeshott,bbbbbbbbbb
ohio,abbbbbbbba
jpscattini,bbbbbbbbbb
whats,baaaaaaaaa
nonexistent,bbbbbbbbbb
peoples,bbbbbbbbbb
washingtonpost,abbbbbbbba
starmer,abbbbbbbba
anacabrera,bbbbbbbbba
wrote,abbbbbbbba
kayleighmcenany,bbbbbbbbbb
kindly,bbbbbbbbbb
risen,baaaaaaaaa
tests,baaaaaaaaa
canada,bbbbbbbbba
materials,bbbbbbbbbb
prioritise,bbbbbbbbbb
ema,bbbbbbbbba
http,bbbbbbbbba
sturgeons,bbbbbbbbbb
taylorinchief,bbbbbbbbbb
bbcr4today,bbbbbbbbbb
centralvista,bbbbbbbbbb
donaldjtrumpjr,abbbbbbbba
gates,bbbbbbbbbb
von,baaaaaaaaa
intentionally,bbbbbbbbbb
spirited,bbbbbbbbbb
capitalism,bbbbbbbbbb
lines,abbbbbbbba
drtedros,bbbbbbbbbb
pxzozyqxwy,bbbbbbbbbb
leaveeuofficial,bbbbbbbbbb
rockefeller,bbbbbbbbbb
sideman,bbbbbbbbbb
agencies,bbbbbbbbbb
42419,bbbbbbbbbb
corbyn,baaaaaaaaa
visited,bbbbbbbbbb
achieved,bbbbbbbbbb
attacked,bbbbbbbbbb
happens,abbbbbbbba
tries,bbbbbbbbbb
wanting,baaaaaaaaa
called,baaaaaaaaa
told,bbbbbbbbba
shouldnt,baaaaaaaaa
kathrynvarn,bbbbbbbbbb
rolled,bbbbbbbbbb
craaaazy,bbbbbbbbbb
turns,bbbbbbbbbb
tried,bbbbbbbbbb
hydroxychloroquine,bbbbbbbbbb
nah,abbbbbbbba
outbreak,bbbbbbbbba
idiots,bbbbbbbbbb
jonlemire,bbbbbbbbbb
olympics,bbbbbbbbbb
news24,abbbbbbbba
harassed,bbbbbbbbbb
thousands,bbbbbbbbbb
jslaternyc,bbbbbbbbbb
wanna,bbbbbbbbba
nbc,baaaaaaaaa
therickydavila,abbbbbbbba
africans,abbbbbbbba
400,baaaaaaaaa
drives,bbbbbbbbbb
driven,bbbbbbbbba
sputnikv,bbbbbbbbba
crossed,bbbbbbbbbb
bbcworld,baaaaaaaaa
300m,bbbbbbbbbb
asked,abbbbbbbba
scottmorrisonmp,bbbbbbbbba
doctoroxford,bbbbbbbbbb
rights,baaaaaaaaa
transplant,bbbbbbbbba
kn9zauou5q,bbbbbbbbbb
bureaucratic,bbbbbbbbbb
manufactured,bbbbbbbbbb
deployment,abbbbbbbba
aghamilton29,abbbbbbbba
pissed,bbbbbbbbbb
stores,baaaaaaaaa
2nd,abbbbbbbba
dispel,abbbbbbbba
40m,abbbbbbbba
voteforvaccine,bbbbbbbbbb
stored,baaaaaaaaa
10000,abbbbbbbba
urgently,abbbbbbbba
varanasi,abbbbbbbba
13993,bbbbbbbbbb
francisco,abbbbbbbba
cent,baaaaaaaaa
tucker,bbbbbbbbbb
pmoindia,bbbbbbbbba
mexican,bbbbbbbbba
nea,abbbbbbbba
298000000,bbbbbbbbbb
whites,bbbbbbbbbb
pages,abbbbbbbba
links,bbbbbbbbbb
kushner,baaaaaaaaa
belgium,abbbbbbbba
toffeechuchu,bbbbbbbbbb
took,bbbbbbbbba
catching,bbbbbbbbbb
ingrahamangle,bbbbbbbbbb
tony,bbbbbbbbbb
jimmfelton,abbbbbbbba
mayorofla,bbbbbbbbba
eus,bbbbbbbbba
jnthyavqxh,bbbbbbbbbb
cnbc,abbbbbbbba
nygovcuomo,bbbbbbbbba
radicalize,bbbbbbbbbb
reaching,bbbbbbbbbb
mabuza,abbbbbbbba
credits,bbbbbbbbbb
eve,bbbbbbbbbb
chose,bbbbbbbbba
douglas,bbbbbbbbbb
harder,bbbbbbbbba
stepped,bbbbbbbbbb
indefensible,bbbbbbbbbb
rates,baaaaaaaaa
rolls,bbbbbbbbbb
autism,bbbbbbbbba
prioritize,bbbbbbbbbb
rossmckenzieag,bbbbbbbbbb
risks,bbbbbbbbbb
inherited,bbbbbbbbbb
martin,bbbbbbbbba
nhs,abbbbbbbba
pamelastephensn,bbbbbbbbbb
axios,bbbbbbbbbb
demonstra,baaaaaaaaa
forms,bbbbbbbbbb
johnson,bbbbbbbbba
nih,abbbbbbbba
burnol,baaaaaaaaa
decided,bbbbbbbbbb
companies,bbbbbbbbbb
locally,bbbbbbbbbb
migrant,baaaaaaaaa
operationwarpspeed,bbbbbbbbbb
mabuti,bbbbbbbbbb
h4yenn2kzd,bbbbbbbbbb
angrystaffer,bbbbbbbbbb
countries,bbbbbbbbbb
hubs,bbbbbbbbbb
rochelle,bbbbbbbbbb
tory,bbbbbbbbbb
wanted,abbbbbbbba
supplying,bbbbbbbbbb
q86xcvtinf,bbbbbbbbbb
feels,bbbbbbbbbb
bucks,bbbbbbbbbb
keelyflaherty,bbbbbbbbbb
students,abbbbbbbba
thehowie,bbbbbbbbbb
journalists,bbbbbbbbbb
literal,bbbbbbbbbb
b117,baaaaaaaaa
ingredients,bbbbbbbbbb
insane,bbbbbbbbbb
nhsengland,bbbbbbbbba
expectations,bbbbbbbbbb
centres,bbbbbbbbbb
appt,abbbbbbbba
discovering,bbbbbbbbbb
poison,bbbbbbbbba
samfr,baaaaaaaaa
protester,bbbbbbbbbb
recovered,bbbbbbbbbb
nypost,baaaaaaaaa
supported,bbbbbbbbbb
govbilllees,bbbbbbbbbb
florida,bbbbbbbbba
breenewsome,bbbbbbbbbb
documents,bbbbbbbbbb
sweats,bbbbbbbbbb
49k,bbbbbbbbbb
genuinely,bbbbbbbbbb
yvonnechakax2,bbbbbbbbba
remains,bbbbbbbbbb
arriving,bbbbbbbbbb
davos,bbbbbbbbbb
thailand,abbbbbbbba
sinister,bbbbbbbbbb
hilton,baaaaaaaaa
drdavidsamadi,baaaaaaaaa
bloomberg,baaaaaaaaa
newschambers,bbbbbbbbbb
sharing,abbbbbbbba
lanka,baaaaaaaaa
afieldcnnxa0reports,bbbbbbbbbb
servants,bbbbbbbbbb
superheroes,bbbbbbbbbb
50000,bbbbbbbbbb
reopen,bbbbbbbbba
embarrassing,bbbbbbbbbb
leads,bbbbbbbbbb
fatemperor,bbbbbbbbba
gooooo,baaaaaaaaa
non,bbbbbbbbba
drops,bbbbbbbbbb
supporting,abbbbbbbba
lived,baaaaaaaaa
fmwales,bbbbbbbbbb
wisconsin,abbbbbbbba
severity,bbbbbbbbbb
128000,bbbbbbbbbb
philly,bbbbbbbbbb
thoughts,bbbbbbbbbb
breaks,abbbbbbbba
was,bbbbbbbbbb
itvnews,bbbbbbbbbb
massively,bbbbbbbbbb
npr,abbbbbbbba
shortages,bbbbbbbbbb
israel,bbbbbbbbba
african,abbbbbbbba
timely,bbbbbbbbbb
africas,bbbbbbbbbb
delivers,bbbbbbbbbb
greg,baaaaaaaaa
hariaisfc,bbbbbbbbbb
eligibility,bbbbbbbbbb
taxes,abbbbbbbba
issues,bbbbbbbbbb
bourla,bbbbbbbbba
priorities,bbbbbbbbbb
chiarazambrano,bbbbbbbbbb
grandma,bbbbbbbbba
stuck,bbbbbbbbba
struggling,bbbbbbbbbb
issued,bbbbbbbbbb
exhibi,bbbbbbbbbb
dashboard,bbbbbbbbba
lives,bbbbbbbbba
misinformation,bbbbbbbbbb
depends,bbbbbbbbbb
lowest,baaaaaaaaa
tb6dtgo2wt,bbbbbbbbbb
didnt,bbbbbbbbba
ladies,bbbbbbbbbb
prioritized,bbbbbbbbbb
boyega,bbbbbbbbbb
hoarding,baaaaaaaaa
cp24,bbbbbbbbba
irish,bbbbbbbbba
districts,bbbbbbbbbb
microchip,baaaaaaaaa
drsjaishankar,abbbbbbbba
receiving,bbbbbbbbbb
couldnt,abbbbbbbba
mahim,bbbbbbbbbb
wee,abbbbbbbba
wed,abbbbbbbba
acknowledging,bbbbbbbbbb
el3sfpidsy,bbbbbbbbbb
wef,abbbbbbbba
older,bbbbbbbbba
bobbycal,bbbbbbbbbb
cnns,bbbbbbbbbb
relieved,bbbbbbbbbb
fda,bbbbbbbbba
danalbas,bbbbbbbbbb
heres,bbbbbbbbba
meganranney,bbbbbbbbbb
astrazeneca,abbbbbbbba
staggering,bbbbbbbbbb
happened,bbbbbbbbbb
whew,abbbbbbbba
heads,bbbbbbbbbb
levels,bbbbbbbbbb
covid19vaccine,bbbbbbbbbb
feb,bbbbbbbbba
pharmaceutical,bbbbbbbbbb
booking,abbbbbbbba
dick,baaaaaaaaa
fed,abbbbbbbba
rework,bbbbbbbbbb
p95,bbbbbbbbbb
looks,baaaaaaaaa
stressed,bbbbbbbbbb
presented,bbbbbbbbbb
sanjivani,bbbbbbbbbb
cusx2wugyy,bbbbbbbbbb
mspilcim2u,bbbbbbbbbb
letting,baaaaaaaaa
seashantytok,baaaaaaaaa
mused,bbbbbbbbbb
41983,bbbbbbbbbb
opened,baaaaaaaaa
decadon,bbbbbbbbbb
produced,bbbbbbbbbb
effects,baaaaaaaaa
ffs,bbbbbbbbbb
inquirerdotnet,abbbbbbbba
cdcgov,bbbbbbbbba
explaining,baaaaaaaaa
produces,bbbbbbbbbb
newsmax,abbbbbbbba
whi,abbbbbbbba
whitty,bbbbbbbbbb
raid,baaaaaaaaa
globally,bbbbbbbbba
died,abbbbbbbba
denies,bbbbbbbbbb
vacci,abbbbbbbba
itxw2o5pi0,bbbbbbbbbb
trudeau,bbbbbbbbba
david,abbbbbbbba
wil,abbbbbbbba
maladm,bbbbbbbbbb
dies,bbbbbbbbbb
designed,bbbbbbbbbb
wit,abbbbbbbba
thanking,bbbbbbbbbb
recommended,bbbbbbbbbb
lapublichealth,abbbbbbbba
matters,bbbbbbbbbb
nyc,abbbbbbbba
approached,bbbbbbbbbb
uses,bbbbbbbbbb
shiny,bbbbbbbbbb
denied,bbbbbbbbbb
briefscott,bbbbbbbbbb
politico,bbbbbbbbba
approx,abbbbbbbba
untested,bbbbbbbbbb
katiepavlich,baaaaaaaaa
fil,baaaaaaaaa
nyt,baaaaaaaaa
voted,abbbbbbbba
fin,bbbbbbbbba
promoted,bbbbbbbbbb
brink,baaaaaaaaa
fir,abbbbbbbba
losing,bbbbbbbbbb
rand,bbbbbbbbba
incompetence,abbbbbbbba
deaths,abbbbbbbba
doubts,baaaaaaaaa
employers,abbbbbbbba
promoting,bbbbbbbbbb
xa0and,baaaaaaaaa
urging,bbbbbbbbbb
ramp,bbbbbbbbba
proceeding,bbbbbbbbbb
saudi,baaaaaaaaa
yukon,bbbbbbbbba
sandman16,bbbbbbbbbb
steven,abbbbbbbba
turning,bbbbbbbbbb
scottories,bbbbbbbbbb
looking,bbbbbbbbba
kakape,bbbbbbbbbb
whos,bbbbbbbbba
ordering,bbbbbbbbbb
vaccin,bbbbbbbbba
sanofi,baaaaaaaaa
systems,bbbbbbbbbb
inhumane,bbbbbbbbbb
shambles,bbbbbbbbbb
keeping,bbbbbbbbbb
quicker,bbbbbbbbba
apartheidstate,bbbbbbbbbb
flu,bbbbbbbbba
hadnt,bbbbbbbbbb
paramedic,bbbbbbbbbb
ameeeen,bbbbbbbbbb
thisisourshot,abbbbbbbba
ashcrofts,bbbbbbbbbb
admits,bbbbbbbbbb
sites,abbbbbbbba
girls,bbbbbbbbbb
ford,bbbbbbbbba
sunilmath83,bbbbbbbbbb
accomplished,bbbbbbbbbb
criticise,bbbbbbbbbb
attacks,bbbbbbbbbb
won,bbbbbbbbba
justin,bbbbbbbbba
antibodies,bbbbbbbbbb
wor,baaaaaaaaa
celebrating,bbbbbbbbbb
beneficiaries,bbbbbbbbbb
needs,abbbbbbbba
remainers,bbbbbbbbbb
vials,bbbbbbbbbb
virusesimmunity,bbbbbbbbbb
drharshvardhan,abbbbbbbba
piersmorganget,bbbbbbbbbb
horrific,bbbbbbbbbb
midlands,bbbbbbbbbb
uq8owifqgm,bbbbbbbbbb
6op1xr3ppx,bbbbbbbbbb
shaunlintern,abbbbbbbba
vyqoj3v7vu,bbbbbbbbbb
lauriegarrett,bbbbbbbbbb
tears,bbbbbbbbbb
india,abbbbbbbba
watching,bbbbbbbbbb
easing,bbbbbbbbbb
fox,abbbbbbbba
alert,bbbbbbbbba
teachers,bbbbbbbbba
6hcpznnyts,bbbbbbbbbb
confirms,bbbbbbbbbb
contrary,bbbbbbbbbb
starbucks,bbbbbbbbbb
spanish,abbbbbbbba
governors,abbbbbbbba
asyounotwish,bbbbbbbbbb
davidwalliams,bbbbbbbbbb
0085,bbbbbbbbbb
kept,abbbbbbbba
500,abbbbbbbba
sailorrooscout,bbbbbbbbba
placed,bbbbbbbbbb
covidnewsbymib,bbbbbbbbba
congress,abbbbbbbba
canadian,bbbbbbbbba
delayed,bbbbbbbbbb
pawan,baaaaaaaaa
wsj,baaaaaaaaa
authorization,bbbbbbbbbb
bbcbreaking,bbbbbbbbbb
fri,abbbbbbbba
portal,abbbbbbbba
french,baaaaaaaaa
fro,abbbbbbbba
pubs,bbbbbbbbbb
commitments,bbbbbbbbbb
advisory,bbbbbbbbbb
wtf,bbbbbbbbba
frail,baaaaaaaaa
aimed,bbbbbbbbbb
talked,abbbbbbbba
gave,baaaaaaaaa
covaxin,baaaaaaaaa
gavi,bbbbbbbbba
stevenbeschloss,bbbbbbbbbb
turned,bbbbbbbbbb
katha,bbbbbbbbbb
juv0l82cf3,baaaaaaaaa
sending,bbbbbbbbbb
drewholden360,bbbbbbbbbb
ottawa,abbbbbbbba
spains,bbbbbbbbbb
sadly,bbbbbbbbbb
knew,bbbbbbbbba
katewilton1,abbbbbbbba
52m,bbbbbbbbbb
places,bbbbbbbbbb
disabilities,bbbbbbbbbb
cryptowhale,bbbbbbbbbb
placer,bbbbbbbbbb
andrewyang,abbbbbbbba
oft,bbbbbbbbba
fitoopnguv,bbbbbbbbbb
thomas1774paine,bbbbbbbbbb
photos,bbbbbbbbbb
tony59589591,baaaaaaaaa
suggests,bbbbbbbbbb
bobwachter,bbbbbbbbbb
15418500,bbbbbbbbbb
inthistogether,bbbbbbbbbb
lockdown,baaaaaaaaa
seattle,bbbbbbbbbb
locked,bbbbbbbbbb
webinar,abbbbbbbba
tanzania,baaaaaaaaa
months,bbbbbbbbba
3rd,abbbbbbbba
alabama,bbbbbbbbba
thai,baaaaaaaaa
amazon,abbbbbbbba
gaza,baaaaaaaaa
10downingstreet,abbbbbbbba
rushing,bbbbbbbbbb
plug,baaaaaaaaa
kodak,baaaaaaaaa
psliqd1cq3,bbbbbbbbbb
totalitarian,bbbbbbbbba
admini,bbbbbbbbba
childrenshd,abbbbbbbba
bbcbreakfast,baaaaaaaaa
incompetent,bbbbbbbbbb
pbhushan1,baaaaaaaaa
natesilver538,baaaaaaaaa
occupied,bbbbbbbbbb
allocated,bbbbbbbbbb
foien0kkdl,bbbbbbbbbb
yorkshire,bbbbbbbbbb
families,bbbbbbbbbb
vyapam,bbbbbbbbbb
whilst,bbbbbbbbba
saltypepper,bbbbbbbbbb
charlesschwab,bbbbbbbbbb
tconnellyrte,bbbbbbbbbb
qymsslfmcq,bbbbbbbbbb
lands,bbbbbbbbbb
fyi,bbbbbbbbba
jared,bbbbbbbbbb
easier,abbbbbbbba
sitting,bbbbbbbbbb
remarks,bbbbbbbbbb
24hrs,bbbbbbbbbb
leahincanada,bbbbbbbbbb
tvkev,baaaaaaaaa
registered,bbbbbbbbbb
devisridhar,abbbbbbbba
promised,bbbbbbbbbb
mikeljollett,bbbbbbbbbb
speaking,bbbbbbbbbb
whopping,bbbbbbbbbb
hundreds,bbbbbbbbbb
muslims,baaaaaaaaa
promises,bbbbbbbbbb
breaking,bbbbbbbbbb
gotta,bbbbbbbbba
diseases,bbbbbbbbbb
thei,abbbbbbbba
lagging,bbbbbbbbbb
vaccinate,baaaaaaaaa
vaccinati,abbbbbbbba
donors,bbbbbbbbbb
viral,bbbbbbbbba
mutant,abbbbbbbba
elites,bbbbbbbbbb
clfpwfimdi,bbbbbbbbbb
commentary,bbbbbbbbbb
donated,bbbbbbbbbb
discovered,bbbbbbbbbb
seniors,bbbbbbbbbb
fairfax,bbbbbbbbba
pune,baaaaaaaaa
omg,bbbbbbbbba
nzclg2z3z6,bbbbbbbbbb
seen,bbbbbbbbba
incurabl,bbbbbbbbbb
robsevy,bbbbbbbbbb
seruminstituteofindia,abbbbbbbba
bello,baaaaaaaaa
thanked,bbbbbbbbbb
liar,bbbbbbbbba
email,bbbbbbbbba
incarcerated,bbbbbbbbbb
unions,bbbbbbbbbb
tories,bbbbbbbbbb
xa0,bbbbbbbbba
mogul,bbbbbbbbbb
started,bbbbbbbbba
neighbours,baaaaaaaaa
femisorry,bbbbbbbbbb
buying,bbbbbbbbbb
appoinment,bbbbbbbbbb
threatens,bbbbbbbbbb
coronavaccine,bbbbbbbbbb
hospitalizations,bbbbbbbbbb
joins,bbbbbbbbbb
risking,bbbbbbbbbb
rules,baaaaaaaaa
briefing,bbbbbbbbbb
gfvz2lgfj3,bbbbbbbbbb
newsom,abbbbbbbba
kaitlancollins,bbbbbbbbbb
yahoo,bbbbbbbbba
rupert,bbbbbbbbba
embracing,bbbbbbbbbb
details,bbbbbbbbbb
3n0ivvhg7e,bbbbbbbbbb
treated,bbbbbbbbbb
praised,bbbbbbbbbb
debunks,bbbbbbbbbb
rodney,bbbbbbbbbb
mikegalsworthy,bbbbbbbbbb
texastribune,bbbbbbbbbb
org9g5fixk,bbbbbbbbbb
extract,abbbbbbbba
blockchain,abbbbbbbba
sees,baaaaaaaaa
procurement,bbbbbbbbbb
ucyqouefer,bbbbbbbbbb
suggesting,bbbbbbbbbb
changed,bbbbbbbbbb
kinsellawarren,bbbbbbbbba
euro,baaaaaaaaa
medicines,bbbbbbbbbb
changes,bbbbbbbbbb
floridians,bbbbbbbbbb
changer,baaaaaaaaa
frustrating,bbbbbbbbbb
expects,bbbbbbbbbb
profkarolsikora,baaaaaaaaa
lies,bbbbbbbbbb
borisjohnson,bbbbbbbbba
inoculated,bbbbbbbbbb
oxfam,baaaaaaaaa
johnredwood,bbbbbbbbba
cases,abbbbbbbba
danieljhannan,baaaaaaaaa
mandates,bbbbbbbbbb
lied,bbbbbbbbbb
anthony,bbbbbbbbbb
psaki,bbbbbbbbbb
epochtimes,bbbbbbbbbb
held,bbbbbbbbba
chains,abbbbbbbba
400000,abbbbbbbba
punstarr,bbbbbbbbbb
april,bbbbbbbbba
troops,bbbbbbbbbb
therapeutic,bbbbbbbbbb
closing,bbbbbbbbbb
ontario,bbbbbbbbba
q2sgurkwxa,bbbbbbbbbb
sarscov2,bbbbbbbbba
cont,baaaaaaaaa
abandoned,bbbbbbbbbb
cons,bbbbbbbbbb
anneapplebaum,bbbbbbbbbb
oann,abbbbbbbba
comp,baaaaaaaaa
comm,bbbbbbbbba
obsessed,bbbbbbbbbb
teams,bbbbbbbbba
makers,bbbbbbbbbb
sluggish,baaaaaaaaa
gregabbotttx,bbbbbbbbbb
gdp,bbbbbbbbba
julesjester,bbbbbbbbbb
columbia,baaaaaaaaa
richardgrenell,bbbbbbbbbb
peterhotez,bbbbbbbbba
nope,bbbbbbbbba
debacle,bbbbbbbbbb
ramaphosa,abbbbbbbba
continues,bbbbbbbbbb
3ov4voftni,bbbbbbbbbb
bbcscotlandnews,bbbbbbbbbb
sensible,bbbbbbbbbb
jpnadda,baaaaaaaaa
meghanmccain,baaaaaaaaa
lawmakers,bbbbbbbbbb
thos,bbbbbbbbbb
puts,baaaaaaaaa
statesca,bbbbbbbbbb
forcing,bbbbbbbbbb
1400,abbbbbbbba
ended,bbbbbbbbbb
located,bbbbbbbbbb
govparsonmo,abbbbbbbba
dallas,bbbbbbbbbb
thru,bbbbbbbbba
cobra,bbbbbbbbba
pande,bbbbbbbbbb
pauljohnson,bbbbbbbbbb
blog,abbbbbbbba
salesforce,bbbbbbbbbb
successes,bbbbbbbbbb
distributing,bbbbbbbbbb
ronanburtenshaw,bbbbbbbbbb
xffqp53kkl,bbbbbbbbbb
nytimes,bbbbbbbbbb
fordnation,bbbbbbbbbb
skynews,bbbbbbbbbb
sent,bbbbbbbbba
brussels,bbbbbbbbbb
modernatx,bbbbbbbbbb
bloc,baaaaaaaaa
ending,baaaaaaaaa
efforts,baaaaaaaaa
ajenglish,baaaaaaaaa
youtube,bbbbbbbbbb
narendramodi,baaaaaaaaa
contacted,bbbbbbbbba
aint,abbbbbbbba
challenges,bbbbbbbbbb
intends,bbbbbbbbbb
alexandraphelan,abbbbbbbba
challenged,bbbbbbbbbb
foxnews,bbbbbbbbbb
companys,bbbbbbbbbb
maccabi,abbbbbbbba
disappointing,bbbbbbbbbb
regimen,abbbbbbbba
politicalkida,bbbbbbbbbb
herd,bbbbbbbbba
javimorgado,bbbbbbbbbb
affairs,bbbbbbbbbb
mutate,bbbbbbbbbb
costs,bbbbbbbbbb
stories,bbbbbbbbbb
aims,bbbbbbbbbb
sputnik,bbbbbbbbba
bwvgzv2mfa,bbbbbbbbbb
groups,abbbbbbbba
allowing,bbbbbbbbbb
factors,bbbbbbbbbb
purportedly,bbbbbbbbbb
evuzf34wbh,baaaaaaaaa
bogochisaac,abbbbbbbba
tuesday,bbbbbbbbbb
covidvaccine,bbbbbbbbbb
scams,abbbbbbbba
york,baaaaaaaaa
quelle,bbbbbbbbbb
mrtommyland,bbbbbbbbbb
locations,bbbbbbbbbb
rajan,bbbbbbbbbb
german,bbbbbbbbba
amysiskind,bbbbbbbbbb
moderna,bbbbbbbbba
amyklobuchar,baaaaaaaaa
pharmacist,abbbbbbbba
palestinians,baaaaaaaaa
rexchapman,baaaaaaaaa
slower,bbbbbbbbba
begins,baaaaaaaaa
protected,bbbbbbbbbb
gfvzwlpmgp,bbbbbbbbbb
wasted,bbbbbbbbbb
youd,abbbbbbbba
whatsoever,bbbbbbbbbb
amazons,abbbbbbbba
nachotrades,bbbbbbbbbb
baker,baaaaaaaaa
volunteers,bbbbbbbbbb
mattwalshblog,abbbbbbbba
500000,baaaaaaaaa
covi,abbbbbbbba
heroically,bbbbbbbbbb
replies,bbbbbbbbbb
unveils,bbbbbbbbbb
educators,bbbbbbbbbb
gmb,baaaaaaaaa
edbcollie,bbbbbbbbbb
entitled,bbbbbbbbbb
fascinatorfun,baaaaaaaaa
iainmartin1,baaaaaaaaa
yashar,bbbbbbbbba
talking,bbbbbbbbba
qg3nrjrd4t,bbbbbbbbbb
booster,bbbbbbbbba
marsstarmind,bbbbbbbbbb
youre,abbbbbbbba
vancouver,bbbbbbbbbb
arrived,bbbbbbbbbb
19xa0vaccine,bbbbbbbbbb
therecount,baaaaaaaaa
committed,bbbbbbbbbb
sets,bbbbbbbbbb
kavvasakiman,baaaaaaaaa
raheemkassam,bbbbbbbbbb
kevinmaguire,bbbbbbbbbb
americans,baaaaaaaaa
bbcnews,bbbbbbbbbb
vaers,bbbbbbbbbb
speaks,bbbbbbbbbb
pfizer,abbbbbbbba
days,bbbbbbbbbb
timeline,bbbbbbbbbb
approac,bbbbbbbbbb
faces,bbbbbbbbbb
god,bbbbbbbbba
reports,bbbbbbbbbb
zahawi,baaaaaaaaa
gop,abbbbbbbba
0230am,bbbbbbbbbb
sworn,abbbbbbbba
modernas,bbbbbbbbbb
got,bbbbbbbbba
gov,bbbbbbbbba
miami,abbbbbbbba
housebound,bbbbbbbbba
wheres,abbbbbbbba
buil,abbbbbbbba
bnodesk,abbbbbbbba
contributed,bbbbbbbbbb
monarchy,bbbbbbbbbb
shipment,abbbbbbbba
shtik,bbbbbbbbbb
dontsmileattee,bbbbbbbbbb
european,bbbbbbbbba
gps,abbbbbbbba
andrew,bbbbbbbbba
rivalr,bbbbbbbbbb
candidates,bbbbbbbbbb
wionews,bbbbbbbbbb
slots,bbbbbbbbbb
600,abbbbbbbba
claims,abbbbbbbba
folks,baaaaaaaaa
cleared,bbbbbbbbbb
shocking,bbbbbbbbbb
thebma,abbbbbbbba
thesnp,abbbbbbbba
withholding,bbbbbbbbbb
nirzjlvq8c,bbbbbbbbbb
dramirkhangp,baaaaaaaaa
gobshite,bbbbbbbbbb
germany,bbbbbbbbbb
inoculation,bbbbbbbbbb
producing,bbbbbbbbbb
sooraraipottru,bbbbbbbbbb
ramps,bbbbbbbbbb
divides,bbbbbbbbbb
gavin,baaaaaaaaa
sandraweeden,bbbbbbbbba
germans,bbbbbbbbbb
hannity,bbbbbbbbbb
gre,bbbbbbbbba
pcr,abbbbbbbba
brexit,bbbbbbbbba
brainwashed,bbbbbbbbbb
vaxxers,bbbbbbbbbb
seyc,bbbbbbbbbb
alberta,bbbbbbbbba
joeytuan,bbbbbbbbbb
china,bbbbbbbbba
60s,bbbbbbbbbb
inject,bbbbbbbbba
named,baaaaaaaaa
cleavonmd,bbbbbbbbbb
considered,bbbbbbbbbb
averaging,bbbbbbbbbb
delivered,bbbbbbbbbb
american,abbbbbbbba
americas,bbbbbbbbbb
russia,baaaaaaaaa
heroes,bbbbbbbbbb
palestinian,bbbbbbbbba
acapellascience,bbbbbbbbbb
debunked,bbbbbbbbbb
peo,abbbbbbbba
africa,bbbbbbbbba
masks,baaaaaaaaa
confirmation,bbbbbbbbbb
suspended,bbbbbbbbbb
alright,bbbbbbbbba
pakhead,abbbbbbbba
pfe,bbbbbbbbba
spencermorgan93,baaaaaaaaa
cuomo,baaaaaaaaa
meetings,bbbbbbbbbb
discredited,bbbbbbbbbb
paulbranditv,baaaaaaaaa
i3uztlmmbx,bbbbbbbbbb
obama,bbbbbbbbba
potshots,bbbbbbbbbb
govinda,bbbbbbbbbb
meghupdates,bbbbbbbbbb
tlaib,baaaaaaaaa
kinda,bbbbbbbbba
uk8zpqlm5o,bbbbbbbbbb
monday,bbbbbbbbbb
laid,bbbbbbbbba
robust,bbbbbbbbba
heading,bbbbbbbbbb
gonna,bbbbbbbbba
worrying,bbbbbbbbbb
bought,baaaaaaaaa
discussed,bbbbbbbbbb
essexpr,bbbbbbbbba
englands,baaaaaaaaa
hnnk,bbbbbbbbbb
requiring,bbbbbbbbbb
prisons,abbbbbbbba
jurgenklopptd,bbbbbbbbbb
retains,bbbbbbbbbb
covid,bbbbbbbbba
347000,bbbbbbbbbb
prevents,baaaaaaaaa
immunocompromised,bbbbbbbbbb
harmful,bbbbbbbbbb
jimsciutto,baaaaaaaaa
65s,bbbbbbbbbb
earlier,abbbbbbbba
members,bbbbbbbbba
discusses,bbbbbbbbbb
jcvi,bbbbbbbbba
lakh,abbbbbbbba
counting,baaaaaaaaa
surge,bbbbbbbbbb
phillys,bbbbbbbbbb
4th,bbbbbbbbba
snps,bbbbbbbbbb
47rmniak5m,abbbbbbbba
affected,abbbbbbbba
chick,baaaaaaaaa
theyd,bbbbbbbbbb
thehill,bbbbbbbbbb
arms,bbbbbbbbbb
october,bbbbbbbbbb
virginia,abbbbbbbba
880000,bbbbbbbbbb
shroff,bbbbbbbbbb
rising,bbbbbbbbbb
policies,bbbbbbbbbb
jwynny,bbbbbbbbbb
lancet,bbbbbbbbba
citys,bbbbbbbbbb
youve,bbbbbbbbbb
tier,baaaaaaaaa
friday,bbbbbbbbbb
jimjordan,bbbbbbbbbb
spewing,bbbbbbbbbb
ssccgl19t2quickresult,bbbbbbbbbb
pharmacists,abbbbbbbba
myanmar,bbbbbbbbba
afneil,baaaaaaaaa
followed,bbbbbbbbbb
765m,bbbbbbbbbb
jiggyjayy2,bbbbbbbbbb
labours,bbbbbbbbbb
pls,bbbbbbbbbb
sinovac,bbbbbbbbba
refusing,bbbbbbbbbb
witnessing,bbbbbbbbbb
walmart,baaaaaaaaa
pelt,bbbbbbbbbb
alexandrameeks,bbbbbbbbbb
cbsnews,bbbbbbbbbb
sagaholidaysuk,abbbbbbbba
botched,bbbbbbbbbb
lawrence,bbbbbbbbbb
thinks,baaaaaaaaa
events,bbbbbbbbbb
discussing,bbbbbbbbbb
began,abbbbbbbba
disgraceful,bbbbbbbbbb
forecast,baaaaaaaaa
critically,bbbbbbbbbb
zerohedge,bbbbbbbbbb
vaxxer,bbbbbbbbba
kennedy,bbbbbbbbbb
comparisons,baaaaaaaaa
mrstache9,abbbbbbbba
actions,bbbbbbbbbb
populations,bbbbbbbbbb
ayodhya,bbbbbbbbbb
poc,abbbbbbbba
giving,baaaaaaaaa
facts,abbbbbbbba
b7wciwsfdz,bbbbbbbbbb
countrys,bbbbbbbbbb
hungary,bbbbbbbbbb
pos,bbbbbbbbbb
trollfootball,bbbbbbbbbb
faheemyounus,bbbbbbbbbb
trillion,bbbbbbbbba
gives,baaaaaaaaa
latest,abbbbbbbba
christ,baaaaaaaaa
ppe,abbbbbbbba
gjohnston2014,bbbbbbbbbb
beating,bbbbbbbbbb
winnable,bbbbbbbbbb
politicians,baaaaaaaaa
theft,bbbbbbbbba
ppl,bbbbbbbbba
yay,bbbbbbbbbb
realise,bbbbbbbbbb
6zwrucy579,bbbbbbbbbb
benstokes,bbbbbbbbbb
goods,bbbbbbbbbb
had,bbbbbbbbba
placing,bbbbbbbbbb
sabotaging,bbbbbbbbbb
conservatives,bbbbbbbbbb
scotgov,baaaaaaaaa
things,baaaaaaaaa
scheduling,bbbbbbbbbb
has,bbbbbbbbba
hav,bbbbbbbbba
offers,abbbbbbbba
pre,abbbbbbbba
peop,abbbbbbbba
crimes,bbbbbbbbbb
batch,baaaaaaaaa
insufficient,bbbbbbbbbb
checks,bbbbbbbbbb
median,bbbbbbbbba
citing,bbbbbbbbbb
playing,bbbbbbbbbb
employees,bbbbbbbbbb
updated,bbbbbbbbbb
mancunianmedic,bbbbbbbbbb
warp,abbbbbbbba
asking,baaaaaaaaa
exports,bbbbbbbbbb
complaining,bbbbbbbbbb
updates,bbbbbbbbbb
yea,bbbbbbbbba
ends,bbbbbbbbbb
denying,bbbbbbbbbb
pharmacies,bbbbbbbbbb
commissioners,bbbbbbbbbb
zimbabwe,bbbbbbbbbb
yep,abbbbbbbba
cnnbrk,baaaaaaaaa
puyms2ffe2,bbbbbbbbbb
joqlgipmxn,bbbbbbbbbb
mmpadellan,abbbbbbbba
clarity,bbbbbbbbbb
albomp,bbbbbbbbba
sunbathing,bbbbbbbbbb
youll,baaaaaaaaa
richardursomd,baaaaaaaaa
hea,baaaaaaaaa
americ,bbbbbbbbbb
yiqknohot0,bbbbbbbbbb
governments,bbbbbbbbbb
multi,abbbbbbbba
gehringdc,bbbbbbbbbb
identified,bbbbbbbbbb
fqvxo9if,bbbbbbbbbb
hes,baaaaaaaaa
authorized,bbbbbbbbbb
options,bbbbbbbbbb
tran,bbbbbbbbba
having,bbbbbbbbba
laws,bbbbbbbbbb
russian,bbbbbbbbba
saketgokhale,bbbbbbbbbb
iran,baaaaaaaaa
ambulance,bbbbbbbbbb
russias,baaaaaaaaa
chris,bbbbbbbbbb
classrooms,bbbbbbbbbb
questioning,abbbbbbbba
sagar,bbbbbbbbbb
greatgameindia,bbbbbbbbba
confirmed,bbbbbbbbbb
hoax,abbbbbbbba
bucksexton,bbbbbbbbba
plainjamie,bbbbbbbbbb
ways,bbbbbbbbbb
disinformation,bbbbbbbbbb
confusing,bbbbbbbbbb
hhsgov,baaaaaaaaa
fiasco,bbbbbbbbba
covidvaccination,bbbbbbbbbb
beschlossdc,abbbbbbbba
disgrace,bbbbbbbbbb
eugenics,bbbbbbbbbb
hhs,bbbbbbbbbb
january,bbbbbbbbbb
stopvaccinepolitics,bbbbbbbbbb
gimme,bbbbbbbbbb
pakistan,bbbbbbbbba
wondering,bbbbbbbbbb
7vb1uoqev5,bbbbbbbbbb
hiv,bbbbbbbbba
mapofthedodie,bbbbbbbbbb
answering,bbbbbbbbbb
funds,baaaaaaaaa
britains,bbbbbbbbbb
demotivate,bbbbbbbbbb
rollout,baaaaaaaaa
uptake,bbbbbbbbbb
discriminatory,bbbbbbbbbb
whcos,bbbbbbbbbb
canadas,bbbbbbbbbb
talkradio,bbbbbbbbba
13pt,bbbbbbbbbb
ariehkovler,bbbbbbbbbb
l4leelo,bbbbbbbbbb
tedcruz,baaaaaaaaa
credentials,bbbbbbbbbb
reveals,bbbbbbbbbb
asap,bbbbbbbbba
vivekagnihotri,bbbbbbbbbb
percent,baaaaaaaaa
bayern,bbbbbbbbbb
visits,baaaaaaaaa
diverted,bbbbbbbbbb
nominees,bbbbbbbbbb
september,bbbbbbbbbb
sounds,baaaaaaaaa
ctvnews,bbbbbbbbbb
kendricklamar,bbbbbbbbbb
banned,bbbbbbbbbb
requirements,bbbbbbbbbb
europes,bbbbbbbbbb
posting,abbbbbbbba
tweeted,bbbbbbbbbb
been,bbbbbbbbba
safer,bbbbbbbbba
lawrencegilder,bbbbbbbbbb
eugeneleeyang,bbbbbbbbbb
videos,abbbbbbbba
hmo,abbbbbbbba
thurs,bbbbbbbbbb
traitor,abbbbbbbba
mothers,bbbbbbbbbb
lilnasx,baaaaaaaaa
ibusolih,abbbbbbbba
mauritius,bbbbbbbbbb
douglas4moray,bbbbbbbbbb
bloomingdales,bbbbbbbbbb
jeffsolin,abbbbbbbba
delighted,bbbbbbbbbb
july,bbbbbbbbbb
trying,abbbbbbbba
deals,baaaaaaaaa
coronav,bbbbbbbbba
dealt,bbbbbbbbba
abc7,baaaaaaaaa
millions,abbbbbbbba
mega,baaaaaaaaa
strengthtodream,bbbbbbbbbb
comes,bbbbbbbbba
trusting,baaaaaaaaa
daftie,bbbbbbbbbb
astrazenecas,bbbbbbbbbb
lpy2n5k1zg,baaaaaaaaa
peter,abbbbbbbba
disparity,bbbbbbbbbb
blocking,bbbbbbbbbb
neilclark66,abbbbbbbba
spreads,bbbbbbbbbb
0anuuiv9ij,bbbbbbbbbb
democrats,bbbbbbbbbb
marco,abbbbbbbba
thursday,bbbbbbbbbb
sbattrawden,abbbbbbbba
hpv,bbbbbbbbba
tells,bbbbbbbbbb
june,abbbbbbbba
calls,abbbbbbbba
nowthisnews,bbbbbbbbbb
yrs,bbbbbbbbbb
serum,abbbbbbbba
goodwill,bbbbbbbbbb
jjhtweets,bbbbbbbbbb
putting,bbbbbbbbbb
questions,baaaaaaaaa
valneva,baaaaaaaaa
doable,bbbbbbbbbb
scotland,bbbbbbbbba
chinese,bbbbbbbbbb
whitneywebb,bbbbbbbbbb
absurd,abbbbbbbba
listened,baaaaaaaaa
injecting,bbbbbbbbbb
stevekrak,abbbbbbbba
californias,bbbbbbbbbb
californian,bbbbbbbbba
2000,abbbbbbbba
marklevinenyc,abbbbbbbba
markdreyfusqcmp,bbbbbbbbbb
70s,baaaaaaaaa
hse,abbbbbbbba
prioritizing,bbbbbbbbbb
carrying,bbbbbbbbbb
martinmherlihy,bbbbbbbbbb
waiting,abbbbbbbba
juliahb1,bbbbbbbbba
jeremyclarkson,abbbbbbbba
passes,bbbbbbbbbb
bela,bbbbbbbbbb
lowkey0nline,bbbbbbbbbb
marie,bbbbbbbbbb
exposed,bbbbbbbbbb
tomhfh,baaaaaaaaa
maria,baaaaaaaaa
passed,bbbbbbbbbb
shameful,bbbbbbbbbb
sold,baaaaaaaaa
idiot,bbbbbbbbba
chmp,bbbbbbbbbb
asia,abbbbbbbba
remembering,bbbbbbbbbb
htt,baaaaaaaaa
2022,abbbbbbbba
2021,bbbbbbbbba
2020,bbbbbbbbba
drtomfrieden,baaaaaaaaa
killed,baaaaaaaaa
rohanconnolly,bbbbbbbbbb
200k,bbbbbbbbba
michael,bbbbbbbbba
2019,baaaaaaaaa
2017,bbbbbbbbba
hub,abbbbbbbba
suriya40,bbbbbbbbbb
pkmkb,bbbbbbbbbb
owned,bbbbbbbbbb
decades,bbbbbbbbbb
injection,bbbbbbbbbb
tweeting,bbbbbbbbbb
priti,abbbbbbbba
reaches,bbbbbbbbbb
answers,baaaaaaaaa
dropped,bbbbbbbbbb
variants,baaaaaaaaa
tracking,abbbbbbbba
america,bbbbbbbbba
covid19vaccination,bbbbbbbbbb
religions,bbbbbbbbbb
guidelines,bbbbbbbbbb
fa9v6wgbbz,bbbbbbbbbb
trudgj6jzl,bbbbbbbbbb
fired,bbbbbbbbbb
horsies,bbbbbbbbbb
goodger,bbbbbbbbbb
suspected,bbbbbbbbbb
politics4ar,bbbbbbbbbb
danpriceseattle,bbbbbbbbbb
dancrenshawtx,abbbbbbbba
centralised,bbbbbbbbbb
asks,bbbbbbbbbb
reached,bbbbbbbbbb
hardest,abbbbbbbba
cancelled,bbbbbbbbbb
inequity,bbbbbbbbbb
acting,bbbbbbbbbb
shield,abbbbbbbba
britain,bbbbbbbbba
zwylhwco4z,bbbbbbbbbb
granger,bbbbbbbbbb
obsession,bbbbbbbbbb
products,bbbbbbbbbb
robert,abbbbbbbba
blair,abbbbbbbba
steve,bbbbbbbbba
pritipatel,abbbbbbbba
ambulan,bbbbbbbbbb
nigeria,baaaaaaaaa
resigns,bbbbbbbbbb
angierasmussen,bbbbbbbbbb
epidemiologist,baaaaaaaaa
dailymailuk,abbbbbbbba
trusted,abbbbbbbba
bioscience,bbbbbbbbbb
alyssamilano,bbbbbbbbbb
smita,bbbbbbbbbb
mjlee,bbbbbbbbbb
codes,bbbbbbbbbb
rtcom,bbbbbbbbbb
theintlherald,bbbbbbbbbb
waltermasterson,bbbbbbbbbb
contrinue,bbbbbbbbbb
british,baaaaaaaaa
distancing,bbbbbbbbbb
depopulation,bbbbbbbbbb
cough,abbbbbbbba
confused,bbbbbbbbbb
rajdeep,bbbbbbbbbb
cities,bbbbbbbbbb
sooner,abbbbbbbba
drove,abbbbbbbba
steps,bbbbbbbbbb
friends,abbbbbbbba
danrather,bbbbbbbbbb
disses,bbbbbbbbbb
convenient,bbbbbbbbbb
handelsblatt,bbbbbbbbbb
scientists,bbbbbbbbbb
true,bbbbbbbbba
nepal,abbbbbbbba
tactics,bbbbbbbbbb
sore,bbbbbbbbba
astra,abbbbbbbba
problems,baaaaaaaaa
arrested,bbbbbbbbbb
hawley,bbbbbbbbbb
borders,bbbbbbbbbb
tweetorial,bbbbbbbbbb
certificate,bbbbbbbbbb
appears,bbbbbbbbbb
racket,bbbbbbbbba
identifie,bbbbbbbbbb
jonathanvswan,bbbbbbbbbb
monetise,bbbbbbbbbb
bootythrower,bbbbbbbbbb
jaymitchinson,bbbbbbbbbb
loganclarkhall,bbbbbbbbbb
ranked,bbbbbbbbbb
provisioning,bbbbbbbbbb
heard,bbbbbbbbba
calgary,bbbbbbbbbb
falling,baaaaaaaaa
ontarios,bbbbbbbbbb
srinivasiyc,baaaaaaaaa
abou,bbbbbbbbba
bpsmithuk,bbbbbbbbba
drjacobsrad,bbbbbbbbba
shocked,bbbbbbbbbb
l07gcqhcgg,abbbbbbbba
scottzilwarrior,abbbbbbbba
bbchughpym,baaaaaaaaa
sambal,bbbbbbbbbb
hows,baaaaaaaaa
starred,bbbbbbbbbb
pentagon,bbbbbbbbba
based,bbbbbbbbbb
lljwrnxbys,bbbbbbbbbb
drzwelimkhize,bbbbbbbbbb
frontline,bbbbbbbbbb
disastrous,bbbbbbbbbb
programs,bbbbbbbbbb
inflicted,bbbbbbbbbb
infectious,bbbbbbbbbb
stevescalise,bbbbbbbbbb
saturday,bbbbbbbbbb
grandparents,bbbbbbbbbb
dx9up9ry98,bbbbbbbbbb
illinois,bbbbbbbbbb
emekagift,abbbbbbbba
govts,bbbbbbbbbb
spectatorindex,abbbbbbbba
overdue,bbbbbbbbbb
ronaldklain,baaaaaaaaa
pikzi80bxj,bbbbbbbbbb
spiro,bbbbbbbbbb
thanathornfwp,bbbbbbbbbb
pelosi,baaaaaaaaa
cmoengland,bbbbbbbbbb
showed,bbbbbbbbbb
reactions,bbbbbbbbbb
adverse,bbbbbbbbbb
coordinated,bbbbbbbbbb
h89hamdg2u,bbbbbbbbbb
announces,bbbbbbbbbb
alarming,bbbbbbbbbb
refugees,bbbbbbbbbb
nhsmillion,baaaaaaaaa
spike,baaaaaaaaa
leaves,bbbbbbbbbb
infections,bbbbbbbbbb
falsely,bbbbbbbbbb
provincial,bbbbbbbbbb
icu,baaaaaaaaa
artemis22,bbbbbbbbbb
shortagexa0of,bbbbbbbbbb
arnold,abbbbbbbba
klutz,bbbbbbbbbb
elected,bbbbbbbbbb
announced,bbbbbbbbbb
idk,abbbbbbbba
cansino,abbbbbbbba
150000,abbbbbbbba
israelis,bbbbbbbbbb
kills,baaaaaaaaa
reasons,bbbbbbbbbb
scheduled,bbbbbbbbbb
czar,abbbbbbbba
jumped,bbbbbbbbbb
makhabayanga,bbbbbbbbbb
caveats,bbbbbbbbbb
wants,abbbbbbbba
moron,baaaaaaaaa
answered,bbbbbbbbbb
propaganda,baaaaaaaaa
covax,bbbbbbbbba
stockpile,bbbbbbbbbb
indians,abbbbbbbba
921people,bbbbbbbbbb
carribean,bbbbbbbbbb
jairbolsonaro,bbbbbbbbba
indiana,baaaaaaaaa
humanitarian,baaaaaaaaa
volunteered,bbbbbbbbbb
vzjmox8ri9,bbbbbbbbbb
discussions,bbbbbbbbbb
jackposobiec,abbbbbbbba
jeff,abbbbbbbba
angeodinsdottir,baaaaaaaaa
arieldumas,bbbbbbbbbb
pranavmahajan,bbbbbbbbbb
deregulation,bbbbbbbbbb
games,baaaaaaaaa
olds,bbbbbbbbba
brithume,bbbbbbbbbb
vincestaples,bbbbbbbbbb
7xjkofkfpl,bbbbbbbbbb
zip,abbbbbbbba
reduced,bbbbbbbbbb
risked,bbbbbbbbbb
roule,bbbbbbbbbb
focusing,bbbbbbbbbb
sfcog6fb2n,bbbbbbbbbb
doors,bbbbbbbbbb
vonderleyen,baaaaaaaaa
3sgepnq4hb,bbbbbbbbbb
sozages8,bbbbbbbbbb
federally,bbbbbbbbbb
spain,bbbbbbbbba
regions,bbbbbbbbbb
hoped,baaaaaaaaa
ianbrown,baaaaaaaaa
realmattcouch,bbbbbbbbbb
immunity,bbbbbbbbbb
pjvogt,abbbbbbbba
requests,bbbbbbbbbb
staffers,bbbbbbbbbb
brentterhune,bbbbbbbbbb
algorithmdancer,bbbbbbbbbb
birmingham,baaaaaaaaa
causes,bbbbbbbbbb
tracker,baaaaaaaaa
hopes,bbbbbbbbbb
reduces,bbbbbbbbbb
explains,bbbbbbbbbb
chrischirp,baaaaaaaaa
caused,bbbbbbbbbb
pleads,bbbbbbbbbb
drphilliplee,bbbbbbbbbb
27th,bbbbbbbbba
gopchairwoman,abbbbbbbba
holocaust,bbbbbbbbba
cannot,bbbbbbbbba
fake,bbbbbbbbba
forgot,bbbbbbbbba
nicolasturgeon,abbbbbbbba
yorkers,bbbbbbbbbb
iconic,bbbbbbbbbb
mailonline,bbbbbbbbbb
peston,baaaaaaaaa
halted,bbbbbbbbbb
viruses,baaaaaaaaa
finished,bbbbbbbbbb
published,bbbbbbbbbb
spade,abbbbbbbba
manufacture,bbbbbbbbbb
covered,bbbbbbbbbb
megtirrell,bbbbbbbbbb
milkstreetcafe,bbbbbbbbbb
ruth,abbbbbbbba
publix,bbbbbbbbba
imf,baaaaaaaaa
professionals,bbbbbbbbbb
factories,bbbbbbbbbb
stricter,abbbbbbbba
holding,bbbbbbbbbb
chelseaclinton,abbbbbbbba
moments,bbbbbbbbbb
operations,bbbbbbbbbb
winds,bbbbbbbbbb
lincolnsbible,bbbbbbbbbb
matthancock,bbbbbbbbba
inc,abbbbbbbba
procure,bbbbbbbbbb
piersmorgan,baaaaaaaaa
listening,bbbbbbbbba
ziibiing,bbbbbbbbbb
gtlem,abbbbbbbba
resources,bbbbbbbbbb
cdcdirector,abbbbbbbba
aarons,bbbbbbbbbb
msnbc,bbbbbbbbba
rishisuri,bbbbbbbbbb
germanys,bbbbbbbbbb
stivers,bbbbbbbbbb
texas,baaaaaaaaa
johann,bbbbbbbbbb
warns,bbbbbbbbbb
harms,bbbbbbbbbb
nationalism,bbbbbbbbbb
ccloskzciv,bbbbbbbbbb
ran,bbbbbbbbba
invented,bbbbbbbbbb
nigerians,bbbbbbbbbb
ucheblackstock,bbbbbbbbbb
younger,baaaaaaaaa
unlocking,bbbbbbbbbb
ray,bbbbbbbbbb
authorities,bbbbbbbbbb
persons,bbbbbbbbbb
sorted,bbbbbbbbbb
charges,bbbbbbbbbb
faqs,bbbbbbbbbb
protesters,bbbbbbbbbb
warming,bbbbbbbbbb
institute,bbbbbbbbbb
shocks,bbbbbbbbbb
charged,bbbbbbbbbb
isnt,baaaaaaaaa
providing,bbbbbbbbbb
weeks,bbbbbbbbba
xa0or,bbbbbbbbbb
o3sgc1uxbk,bbbbbbbbbb
posted,baaaaaaaaa
dollar,baaaaaaaaa
wrexham,baaaaaaaaa
targeted,bbbbbbbbbb
drolufunmilayo,baaaaaaaaa
scott,bbbbbbbbba
corona,bbbbbbbbba
resilience,bbbbbbbbbb
linked,bbbbbbbbbb
supporters,bbbbbbbbbb
abc,bbbbbbbbba
michigan,bbbbbbbbba
pulled,bbbbbbbbbb
novavaxs,bbbbbbbbbb
abo,bbbbbbbbba
nhsuk,abbbbbbbba
mohfwindia,bbbbbbbbbb
abt,bbbbbbbbba
trials,baaaaaaaaa
calling,abbbbbbbba
80s,bbbbbbbbbb
citizens,bbbbbbbbbb
coronavirusgoo1,abbbbbbbba
blames,bbbbbbbbbb
dremmanash,bbbbbbbbbb
controls,bbbbbbbbbb
organised,bbbbbbbbbb
moved,bbbbbbbbbb
senschumer,bbbbbbbbbb
pandemic,bbbbbbbbbb
pushes,bbbbbbbbbb
rec,baaaaaaaaa
repeating,bbbbbbbbbb
helped,bbbbbbbbbb
masterfilm,baaaaaaaaa
rep,baaaaaaaaa
protocols,bbbbbbbbbb
distributio,abbbbbbbba
res,bbbbbbbbbb
grifters,bbbbbbbbbb
Term,bbbbbbbbbb
ads,bbbbbbbbbb
melinda,baaaaaaaaa
rages,bbbbbbbbbb
guys,bbbbbbbbbb
pharmacy,bbbbbbbbbb
washington,baaaaaaaaa
joining,bbbbbbbbbb
magically,baaaaaaaaa
scoop,bbbbbbbbba
billy,bbbbbbbbbb
vaccines,baaaaaaaaa
united,bbbbbbbbbb
38gdutw0mw,bbbbbbbbbb
soldiers,bbbbbbbbbb
yahaya,baaaaaaaaa
fqotjpc9dd,bbbbbbbbbb
feb20,bbbbbbbbbb
tranching,bbbbbbbbbb
miles,bbbbbbbbbb
skipped,bbbbbbbbbb
unites,bbbbbbbbbb
irresponsible,bbbbbbbbbb
ive,bbbbbbbbbb
wadepthealth,baaaaaaaaa
toryboypierce,bbbbbbbbbb
afp,abbbbbbbba
recorded,baaaaaaaaa
aft,bbbbbbbbba
manchester,bbbbbbbbbb
crap,bbbbbbbbba
theeconomist,baaaaaaaaa
micro,abbbbbbbba
moves,bbbbbbbbbb
thedailybeast,baaaaaaaaa
fucked,abbbbbbbba
pushed,bbbbbbbbbb
dude,baaaaaaaaa
smaller,baaaaaaaaa
biotechnology,bbbbbbbbbb
caption,baaaaaaaaa
hankaarons,bbbbbbbbbb
fannychoir,bbbbbbbbbb
theyve,bbbbbbbbbb
plandemic,bbbbbbbbbb
years,baaaaaaaaa
experiencing,bbbbbbbbbb
centers,baaaaaaaaa
globalist,abbbbbbbba
businesses,bbbbbbbbbb
bancel,baaaaaaaaa
shorter,baaaaaaaaa
distributed,bbbbbbbbbb
6th,bbbbbbbbba
urged,bbbbbbbbbb
dlfja7xisz,bbbbbbbbbb
desmond,baaaaaaaaa
humungous,bbbbbbbbbb
urges,bbbbbbbbbb
minorities,bbbbbbbbbb
mcsc74oi6x,bbbbbbbbbb
wendy,bbbbbbbbbb
vprasadmdmph,bbbbbbbbba
kelly,bbbbbbbbbb
siltdeiprv,bbbbbbbbbb
slowdown,baaaaaaaaa
brandenburg,abbbbbbbba
healthcare,bbbbbbbbbb
guidofawkes,bbbbbbbbbb
893,bbbbbbbbbb
dfisman,baaaaaaaaa
advertised,bbbbbbbbbb
decisions,bbbbbbbbbb
cbcnews,bbbbbbbbbb
cathedral,bbbbbbbbbb
infected,abbbbbbbba
billionaires,bbbbbbbbbb
crea,bbbbbbbbba
jontrickett,bbbbbbbbbb
filled,bbbbbbbbbb
inauguration,bbbbbbbbbb
vaccinat,bbbbbbbbba
signing,baaaaaaaaa
governance,bbbbbbbbbb
theyre,bbbbbbbbbb
donald,bbbbbbbbba
nelsonrussellm,baaaaaaaaa
missouri,baaaaaaaaa
points,baaaaaaaaa
amongst,bbbbbbbbba
modi,bbbbbbbbba
paulabrexiteer,bbbbbbbbbb
implemented,bbbbbbbbbb
nq9t6aevnr,bbbbbbbbbb
ericbrownzzz,bbbbbbbbbb
rna,abbbbbbbba
akhikesh,bbbbbbbbbb
alt,baaaaaaaaa
billgates,bbbbbbbbbb
biontech,abbbbbbbba
inoculations,bbbbbbbbbb
presidentshi,bbbbbbbbbb
jumping,baaaaaaaaa
amp,bbbbbbbbba
californians,bbbbbbbbbb
responds,bbbbbbbbbb
c19,bbbbbbbbba
contracts,bbbbbbbbba
ivermectin,abbbbbbbba
ron,baaaaaaaaa
telegraph,abbbbbbbba
anc,abbbbbbbba
saying,bbbbbbbbbb
zeynep,baaaaaaaaa
ani,abbbbbbbba
aldi,bbbbbbbbba
louder,baaaaaaaaa
looked,baaaaaaaaa
ticerichard,abbbbbbbba
unnecessary,bbbbbbbbbb
lewis,bbbbbbbbbb
potus,bbbbbbbbbb
bhutiye,bbbbbbbbbb
suggested,bbbbbbbbbb
caring,baaaaaaaaa
superbowl,abbbbbbbba
shes,bbbbbbbbba
talkradios,bbbbbbbbbb
coronavirusvaccine,bbbbbbbbbb
expanding,bbbbbbbbbb
sidhant,abbbbbbbba
jab,bbbbbbbbba
scottish,bbbbbbbbba
oxford,abbbbbbbba
jan,bbbbbbbbba
english,baaaaaaaaa
agentp22,bbbbbbbbba
goodness,bbbbbbbbbb
app,abbbbbbbba
bhutans,bbbbbbbbbb
mongering,bbbbbbbbbb
using,bbbbbbbbba
mitigation,bbbbbbbbbb
broke,baaaaaaaaa
investigating,bbbbbbbbbb
vial,bbbbbbbbba
completed,bbbbbbbbbb
abcnews,bbbbbbbbbb
ketch,abbbbbbbba
000,baaaaaaaaa
alex,bbbbbbbbba
territories,bbbbbbbbbb
pathetic,bbbbbbbbbb
recipients,bbbbbbbbbb
doses,bbbbbbbbba
handed,bbbbbbbbbb
increases,bbbbbbbbbb
are,bbbbbbbbbb
taken,bbbbbbbbba
vaccinators,bbbbbbbbbb
came,bbbbbbbbba
overplayed,bbbbbbbbbb
takes,abbbbbbbba
kids,bbbbbbbbba
phonecalls,bbbbbbbbbb
michellelprice,bbbbbbbbbb
vice,abbbbbbbba
drsimonegold,bbbbbbbbba
moja,bbbbbbbbbb
administering,bbbbbbbbbb
targette,bbbbbbbbbb
describes,bbbbbbbbbb
kecb3frw13,bbbbbbbbbb
400bn,bbbbbbbbbb
theyll,bbbbbbbbba
newsweek,bbbbbbbbba
partners,bbbbbbbbbb
trumps,bbbbbbbbba
theories,bbbbbbbbbb
fabulous,bbbbbbbbbb
anyways,bbbbbbbbbb
radicaliz,bbbbbbbbbb
becoming,bbbbbbbbbb
disregard,baaaaaaaaa
organisation,bbbbbbbbbb
cant,baaaaaaaaa
individuals,bbbbbbbbbb
repeated,bbbbbbbbbb
challenging,bbbbbbbbbb
jen,abbbbbbbba
ate,bbbbbbbbbb
neighbors,bbbbbbbbbb
warriors,bbbbbbbbbb
results,bbbbbbbbbb
mayaharris,bbbbbbbbbb
estimates,bbbbbbbbbb
travelling,bbbbbbbbbb
statistic,bbbbbbbbbb
boosting,bbbbbbbbbb
lifted,bbbbbbbbbb
worse,bbbbbbbbbb
yall,bbbbbbbbba
uksciencechief,bbbbbbbbba
longer,bbbbbbbbba
watched,abbbbbbbba
mattdizwhitlock,bbbbbbbbbb
senate,bbbbbbbbbb
clarificati,bbbbbbbbbb
colleagues,bbbbbbbbbb
parties,bbbbbbbbbb
worst,baaaaaaaaa
selling,bbbbbbbbbb
larry,bbbbbbbbbb
leaving,bbbbbbbbbb
miafarrow,baaaaaaaaa
scottand67,abbbbbbbba
benefits,bbbbbbbbbb
truce,bbbbbbbbbb
cnnsotu,baaaaaaaaa
scratc,bbbbbbbbbb
emails,bbbbbbbbbb
defene,bbbbbbbbbb
crying,bbbbbbbbbb
outrageous,bbbbbbbbbb
learned,bbbbbbbbbb
tokyo,abbbbbbbba
assuming,bbbbbbbbbb
o69nu1ns88,bbbbbbbbbb
lobbied,bbbbbbbbbb
ebxbzqkrzc,bbbbbbbbbb
trump,abbbbbbbba
republicans,bbbbbbbbbb
collected,bbbbbbbbbb
officials,bbbbbbbbbb
jujuliagrace,bbbbbbbbbb
greater,bbbbbbbbba
chinas,bbbbbbbbba
mandolineblue,bbbbbbbbbb
ouchie,bbbbbbbbbb
sunday,bbbbbbbbbb
200000,abbbbbbbba
digitalised,bbbbbbbbbb
failing,bbbbbbbbbb
reset,abbbbbbbba
ayyub08300044,bbbbbbbbbb
kqim7n33lw,bbbbbbbbbb
garethicke,bbbbbbbbbb
freezers,bbbbbbbbbb
mtgreenee,bbbbbbbbbb
australian,bbbbbbbbba
njtimothy,bbbbbbbbbb
babies,bbbbbbbbbb
labour,baaaaaaaaa
mike7459954332,bbbbbbbbbb
australias,bbbbbbbbbb
ur903in1rf,bbbbbbbbbb
neutralizing,bbbbbbbbbb
nati,baaaaaaaaa
injections,bbbbbbbbbb
orlandosentinel,bbbbbbbbba
floriankrammer,bbbbbbbbbb
barahmeh,bbbbbbbbbb
jsolomonreports,bbbbbbbbbb
jaketapper,bbbbbbbbbb
tribes,bbbbbbbbbb
mexico,bbbbbbbbba
zg9k6anjx6,bbbbbbbbbb
svbgctbhhr,bbbbbbbbbb
shri,baaaaaaaaa
ncgovernor,bbbbbbbbbb
accounts,bbbbbbbbbb
uganda,baaaaaaaaa
aslavitt,baaaaaaaaa
bout,abbbbbbbba
floridas,baaaaaaaaa
georgia,baaaaaaaaa
described,bbbbbbbbbb
rogue,bbbbbbbbbb
england,bbbbbbbbba
interrupting,bbbbbbbbbb
temporarily,bbbbbbbbbb
wellerman,baaaaaaaaa
britons,bbbbbbbbbb
janicedean,baaaaaaaaa
cgl2019,bbbbbbbbbb
joe,abbbbbbbba
largest,bbbbbbbbba
mommy,bbbbbbbbbb
clinics,abbbbbbbba
johnwestjaws,bbbbbbbbbb
evanlsolomon,abbbbbbbba
anaphylaxis,bbbbbbbbbb
sardesai,bbbbbbbbbb
cnnpolitics,bbbbbbbbbb
malaria,bbbbbbbbba
andersonmalgas,bbbbbbbbbb
causing,bbbbbbbbbb
randyhillier,bbbbbbbbbb
22000000,bbbbbbbbbb
delaying,bbbbbbbbbb
itll,baaaaaaaaa
sai,baaaaaaaaa
mentioned,bbbbbbbbbb
adds,bbbbbbbbbb
resu,bbbbbbbbba
san,bbbbbbbbba
leilacohan,bbbbbbbbbb
paraceta,bbbbbbbbbb
administrations,bbbbbbbbbb
sat,bbbbbbbbba
saw,bbbbbbbbba
increasi,bbbbbbbbbb
politicoeurope,bbbbbbbbbb
gets,bbbbbbbbba
claytravis,bbbbbbbbbb
haters,bbbbbbbbbb
biden,abbbbbbbba
heights,bbbbbbbbbb
itsspencerbrown,bbbbbbbbbb
organizations,bbbbbbbbbb
treating,abbbbbbbba
projects,bbbbbbbbbb
chuckcallesto,abbbbbbbba
bac,bbbbbbbbba
350m,abbbbbbbba
spokesperson,baaaaaaaaa
boys,bbbbbbbbbb
guinea,bbbbbbbbba
icmr,baaaaaaaaa
treatments,abbbbbbbba
elicits,bbbbbbbbbb
campaigns,bbbbbbbbbb
rubbish,baaaaaaaaa
largestvaccinedrive,bbbbbbbbbb
impcompetance,bbbbbbbbbb
playbook,bbbbbbbbba
cbcalerts,bbbbbbbbbb
bbc,bbbbbbbbba
mates,bbbbbbbbbb
lmaoooooooooo,bbbbbbbbbb
neutralization,bbbbbbbbbb
jrown32,bbbbbbbbbb
covid19,bbbbbbbbba
symptoms,bbbbbbbbbb
canceled,bbbbbbbbbb
aaron,baaaaaaaaa
plans,baaaaaaaaa
dleonhardt,baaaaaaaaa
covishield,abbbbbbbba
anitaoakville,bbbbbbbbbb
maths,bbbbbbbbbb
bcg,baaaaaaaaa
rw76rqxwbf,bbbbbbbbbb
facing,bbbbbbbbbb
proven,abbbbbbbba
ministers,abbbbbbbba
eyes,baaaaaaaaa
braveneworwell,bbbbbbbbbb
proves,bbbbbbbbbb
sec,bbbbbbbbba
rumours,bbbbbbbbbb
proved,bbbbbbbbbb
bijlanirajesh,bbbbbbbbbb
offered,baaaaaaaaa
underway,bbbbbbbbbb
gkuhlenschmidt,bbbbbbbbbb
norbartelakes,bbbbbbbbbb
customers,bbbbbbbbbb
sen,baaaaaaaaa
bolstering,bbbbbbbbbb
compared,bbbbbbbbbb
rodbishop15,baaaaaaaaa
incorrect,abbbbbbbba
fastest,baaaaaaaaa
joined,bbbbbbbbbb
jobs,bbbbbbbbbb
words,abbbbbbbba
entered,bbbbbbbbbb
1qh0vylhsx,bbbbbbbbbb
dubai,baaaaaaaaa
practices,bbbbbbbbbb
barristershorse,bbbbbbbbbb
awesome,bbbbbbbbbb
petition,bbbbbbbbbb
vacc,bbbbbbbbba
thecarolemalone,bbbbbbbbbb
developed,abbbbbbbba
drugmaker,bbbbbbbbbb
welsh,baaaaaaaaa
dummies,bbbbbbbbbb
hillaryclinton,bbbbbbbbba
useless,bbbbbbbbba
excuses,bbbbbbbbbb
france,bbbbbbbbbb
cdnpoli,abbbbbbbba
mzhemingway,bbbbbbbbbb
norahodonnell,bbbbbbbbbb
convoys,bbbbbbbbbb
immunization,bbbbbbbbbb
parts,baaaaaaaaa
thaienquirer,bbbbbbbbbb
teddyschleifer,bbbbbbbbbb
helps,baaaaaaaaa
sho,baaaaaaaaa
aubreyhuff,bbbbbbbbbb
booked,bbbbbbbbba
visiting,bbbbbbbbbb
sources,bbbbbbbbbb
maryland,bbbbbbbbba
100000,bbbbbbbbbb
fauci,abbbbbbbba
davidlammy,bbbbbbbbbb
explained,bbbbbbbbbb
regulators,bbbbbbbbbb
getting,bbbbbbbbba
eppca9s8js,bbbbbbbbbb
sii,abbbbbbbba
signs,bbbbbbbbbb
appalling,bbbbbbbbbb
dockaurg,abbbbbbbba
jersey,bbbbbbbbbb
suryahsg,bbbbbbbbbb
anjeqwne6k,bbbbbbbbbb
settl,bbbbbbbbbb
views,bbbbbbbbbb
unacceptable,bbbbbbbbbb
false,bbbbbbbbbb
wearing,baaaaaaaaa
robertkennedyjr,baaaaaaaaa
desantis,bbbbbbbbbb
congrats,bbbbbbbbbb
codemonkeyz,bbbbbbbbbb
onpointmp,bbbbbbbbbb
inaugeration,bbbbbbbbbb
humans,bbbbbbbbbb
1qc5mfv3p1,bbbbbbbbbb
pagamber,bbbbbbbbbb
frustrated,bbbbbbbbbb
tomselliotts,bbbbbbbbbb
thankful,baaaaaaaaa
bio,baaaaaaaaa
invoke,bbbbbbbbbb
nations,baaaaaaaaa
zza2ylsoim,bbbbbbbbbb
heytammybruce,bbbbbbbbbb
davidschneider,bbbbbbbbbb
geetaku77443673,bbbbbbbbbb
urgirlblair,bbbbbbbbbb
screwed,bbbbbbbbbb
transparently,bbbbbbbbbb
20th,abbbbbbbba
karnataka,bbbbbbbbba
seychelles,bbbbbbbbbb
messaging,bbbbbbbbbb
gibraltar,abbbbbbbba
keirstarmer,bbbbbbbbbb
siam,baaaaaaaaa
john,abbbbbbbba
aadeshrawal,bbbbbbbbbb
vaj4wjvuse,bbbbbbbbbb
recommending,bbbbbbbbbb
reporters,bbbbbbbbba
brought,bbbbbbbbba
kihyunbread,bbbbbbbbbb
emerged,bbbbbbbbbb
theres,abbbbbbbba
anglo,bbbbbbbbbb
december,bbbbbbbbbb
urgent,baaaaaaaaa
guardian,baaaaaaaaa
programme,bbbbbbbbbb
lmao,bbbbbbbbba
italy,bbbbbbbbbb
msmmonitor,bbbbbbbbbb
greatreset,bbbbbbbbba
missed,bbbbbbbbbb
realtuckfrumper,bbbbbbbbbb
dosing,abbbbbbbba
snp,baaaaaaaaa
tm3ogmmjb0,bbbbbbbbbb
bma,baaaaaaaaa
facilities,bbbbbbbbbb
powers,baaaaaaaaa
bmi,abbbbbbbba
igulfyouu,baaaaaaaaa
hanuman,baaaaaaaaa
laurenkelley,bbbbbbbbbb
outrage,bbbbbbbbbb
expresses,bbbbbbbbbb
icymi,bbbbbbbbba
stands,bbbbbbbbbb
reuters,bbbbbbbbbb
erinbanco,bbbbbbbbba
mutations,bbbbbbbbbb
falls,bbbbbbbbbb
contagious,bbbbbbbbbb
deborahmeaden,abbbbbbbba
administered,bbbbbbbbbb
incoming,bbbbbbbbbb
restrictions,bbbbbbbbbb
thrown,abbbbbbbba
sputnikvaccine,bbbbbbbbbb
onpoli,abbbbbbbba
focused,bbbbbbbbbb
oregon,bbbbbbbbba
morocco,baaaaaaaaa
massgovernor,abbbbbbbba
parents,bbbbbbbbbb
markaustintv,bbbbbbbbba
kentvarian,bbbbbbbbbb
schwarzeneggers,bbbbbbbbbb
boo,baaaaaaaaa
tinnkky,bbbbbbbbbb
dems,bbbbbbbbbb
gabbbarsingh,bbbbbbbbbb
murphy,bbbbbbbbbb
ripped,bbbbbbbbbb
viable,bbbbbbbbbb
prices,bbbbbbbbbb
pvnwr0aixq,bbbbbbbbbb
billionaire,bbbbbbbbbb
respon,baaaaaaaaa
raised,bbbbbbbbbb
sfdirewolf,abbbbbbbba
relying,bbbbbbbbbb
coronavirus,baaaaaaaaa
demanding,bbbbbbbbbb
sri,abbbbbbbba
ssccgl19t3resultdate,bbbbbbbbbb
100,bbbbbbbbba
101,bbbbbbbbba
offici,abbbbbbbba
backs,bbbbbbbbbb
keepnhspublic,bbbbbbbbbb
counts,bbbbbbbbbb
vaccinationdrive,bbbbbbbbbb
threatening,bbbbbbbbbb
encouraged,bbbbbbbbbb
117,bbbbbbbbba
raises,bbbbbbbbbb
bro,bbbbbbbbba
dhscgovuk,baaaaaaaaa
sta,baaaaaaaaa
australia,abbbbbbbba
collecti,baaaaaaaaa
telangana,abbbbbbbba
upped,bbbbbbbbbb
requested,bbbbbbbbbb
125,bbbbbbbbba
doctors,baaaaaaaaa
stopping,baaaaaaaaa
stops,bbbbbbbbba
conditions,bbbbbbbbbb
bbcferguswalsh,abbbbbbbba
adilray,bbbbbbbbbb
painless,abbbbbbbba
mrmenzin,bbbbbbbbbb
405m,bbbbbbbbbb
referring,bbbbbbbbbb
democrat,abbbbbbbba
nationalists,bbbbbbbbbb
managed,bbbbbbbbbb
erinsk8,bbbbbbbbbb
joebiden,abbbbbbbba
floellabenjamin,bbbbbbbbbb
conferences,bbbbbbbbbb
participants,bbbbbbbbbb
johnsons,bbbbbbbbba
stopped,abbbbbbbba
scotlands,bbbbbbbbbb
laying,bbbbbbbbbb
btw,bbbbbbbbba
b3bjc3zgq6,abbbbbbbba
makes,abbbbbbbba
loads,bbbbbbbbbb
threatened,bbbbbbbbbb
dept,abbbbbbbba
mainerower2,bbbbbbbbbb
kate,baaaaaaaaa
cricket,baaaaaaaaa
handled,bbbbbbbbbb
kh9,bbbbbbbbbb
suppliers,bbbbbbbbbb
setan,bbbbbbbbbb
150,abbbbbbbba
zero,abbbbbbbba
claiming,baaaaaaaaa
variant,abbbbbbbba
pheuk,bbbbbbbbbb
terminator,bbbbbbbbbb
rajasthan,baaaaaaaaa
query,bbbbbbbbbb
stole,bbbbbbbbba
enhanced,bbbbbbbbbb
nutshell,bbbbbbbbbb
1820,abbbbbbbba
brazilian,baaaaaaaaa
headlines,bbbbbbbbbb
counties,bbbbbbbbbb
insists,bbbbbbbbbb
higher,baaaaaaaaa
presssec,abbbbbbbba
doing,bbbbbbbbba
brazil,baaaaaaaaa
figures,bbbbbbbbbb
records,bbbbbbbbbb
adults,bbbbbbbbbb
prisoners,baaaaaaaaa
backing,bbbbbbbbbb
carienduplessis,bbbbbbbbbb
vaxx,abbbbbbbba
boblisterpoole,bbbbbbbbbb
allocation,bbbbbbbbbb
types,bbbbbbbbbb
corrupt,abbbbbbbba
shahfaesal,bbbbbbbbbb
181,baaaaaaaaa
passports,baaaaaaaaa
n244tn,bbbbbbbbbb
reddittrading,bbbbbbbbbb
vaccina,abbbbbbbba
chomuwale,bbbbbbbbbb
ones,baaaaaaaaa
bangladesh,bbbbbbbbba
vume3whymf,bbbbbbbbbb
chuckrossdc,abbbbbbbba
tested,abbbbbbbba
backed,bbbbbbbbba
dailycovidupdate,bbbbbbbbbb
hesitant,bbbbbbbbbb
seconds,bbbbbbbbbb
travelled,bbbbbbbbbb
children,abbbbbbbba
claudiawebbe,bbbbbbbbbb
massachusetts,bbbbbbbbbb
dreadful,bbbbbbbbbb
teeth,baaaaaaaaa
putra,bbbbbbbbbb
antibody,bbbbbbbbbb
halved,bbbbbbbbbb
raowlgandhi,bbbbbbbbbb
chrismurphyct,bbbbbbbbba
drivers,bbbbbbbbbb
thebr0keb0i,abbbbbbbba
thisweekabc,baaaaaaaaa
uklabour,bbbbbbbbba
elikrumova,bbbbbbbbbb
racing,abbbbbbbba
lookalike,bbbbbbbbbb
overseas,bbbbbbbbbb
announcing,bbbbbbbbbb
seeing,bbbbbbbbba
blocked,abbbbbbbba
informed,bbbbbbbbbb
bigger,baaaaaaaaa
hesitancy,bbbbbbbbbb
mkul86w5vh,abbbbbbbba
shamelessly,bbbbbbbbbb
hits,bbbbbbbbbb
highlights,bbbbbbbbbb
michelleinbklyn,bbbbbbbbba
govmurphy,bbbbbbbbbb
rejoined,bbbbbbbbbb
piercepenniless,bbbbbbbbbb
responses,bbbbbbbbbb
welshgovernment,bbbbbbbbbb
behaviour,bbbbbbbbba
joshdcaplan,abbbbbbbba
queue,bbbbbbbbba
utter,baaaaaaaaa
roccobotte,bbbbbbbbbb
perspicacious,bbbbbbbbbb
jolyonmaugham,abbbbbbbba
begun,abbbbbbbba
leaders,abbbbbbbba
hopeful,abbbbbbbba
utterly,bbbbbbbbbb
hegkong,baaaaaaaaa
sage,bbbbbbbbba
saga,abbbbbbbba
covid19uk,baaaaaaaaa
tak,abbbbbbbba
officers,bbbbbbbbbb
tam,bbbbbbbbba
goes,bbbbbbbbbb
filed,bbbbbbbbbb
patients,bbbbbbbbbb
snowstorm,bbbbbbbbbb
netherlands,bbbbbbbbbb
dollyparton,baaaaaaaaa
accepted,bbbbbbbbbb
daphnethewriter,bbbbbbbbbb
deliveries,bbbbbbbbbb
ranks,bbbbbbbbbb
chances,bbbbbbbbbb
littlemissrebel,bbbbbbbbbb
covering,bbbbbbbbbb
covidiots,baaaaaaaaa
targeting,bbbbbbbbbb
emmascott,bbbbbbbbbb
paris,bbbbbbbbbb
eucommission,bbbbbbbbbb
flew,abbbbbbbba
studies,bbbbbbbbbb
said,bbbbbbbbba
manufacturers,bbbbbbbbbb
cbc,bbbbbbbbba
studied,bbbbbbbbbb
february,bbbbbbbbbb
reads,bbbbbbbbbb
played,bbbbbbbbbb
efficacy,bbbbbbbbbb
feverishly,bbbbbbbbbb
zeneca,bbbbbbbbba
yamiche,bbbbbbbbbb
cbs,bbbbbbbbbb
coronavirusxa0varia,bbbbbbbbbb
racist,bbbbbbbbba
delhi,bbbbbbbbba
