ClusterId,Term
1,spoke
2,kyaukhaadlega
3,theorists
3,approved
5,2bkag19uqj
6,teamed
0,blockc
8,veganwashing
1,develo
10,gareeboop
5,o439stufwn
6,cdc
8,sirtjovitjoh
10,spreading
10,maaloufmd
16,230m
1,60916
0,chiles
1,pbgxw
10,maxcroser
21,prioritization
10,standards
10,diplomacy
0,latino
6,heared
0,telling
1,bogus
28,thedailyshow
5,joannaeswan
10,supercovid
6,1000
16,ceo
33,kristindonnelly
34,minds
6,samb
10,characteri
3,willjhrt
16,weig
39,abhishbanerj
2,dddropthelace
1,ordered
10,ovzthlijrm
3,approves
3,2326632
5,2oodnddvzr
1,troll
5,australians
6,tha
0,entering
1,incit
6,thi
52,quarantine
53,tho
3,iwt1qyk
5,brianpinker
52,fmkgwq7rvj
5,dig1v9qduy
10,zya8z3srmq
16,100m
39,vaccinated
33,prasant98036990
52,pdemetrious
8,vaccinemaitri
5,offensively
6,cha
33,hichkasofficial
52,uneducated
10,delivering
69,making
0,balkot
10,asanilta
8,kakalibisui
53,8th
10,relatives
1,walker
2,jennerpractice
6,gone
0,walked
5,willbooker32
2,justintrudeau
81,reopening
0,454000
0,trahvv
10,yeobeeyin
3,applied
5,mkainerugaba
8,patpichatan
0,katem85
52,shueyfvqeb
10,provides
10,panos101
0,murdoch
5,cherylkernot
0,patrick
52,zkagqrnhd6
5,glyphosate
2,justinpicheh
6,saps
10,garethrose
8,microbiology
6,leyen
3,iconsiam
5,mpbai42goz
2,karliwithakay
53,tweet
52,66million
5,ru7xusquk9
3,yaaayyy
0,colton
52,cume9kyzgz
0,mehboob
5,3fw0j9ggc3
10,handling
0,taking
8,lavmitchelle
39,vaccinatio
2,govlarryhogan
5,wgauxg1ij1
10,foramerica
34,loved
53,flop
8,jamesmelville
52,protecting
16,went
3,kttrenta
52,considering
10,mutation
10,bringing
3,schools
6,anal
33,sartoriusglobal
52,barackobama
16,sars
6,orders
8,vaccination
34,thats
1,women
5,battlecorgig
0,165714
6,fuck
0,nigerian
8,australasian
10,mandatory
144,tom
2,andrewlawrence
5,colonizati
8,nadhimzahawi
3,morrison
10,statewide
8,brianlilley
6,cnn
0,retweet
8,vaccinating
1,drugs
0,premier
5,nationists
3,katappa
33,raphotography55
2,roundtheclock
5,pepisouthern
6,pima
52,a4vzp8lgmq
3,dinging
5,communities
3,runoffs
16,com
5,rqgosiuktq
6,con
1,catech
10,fcthbrd2im
16,lets
6,cov
10,nzm3ec6r7i
3,inabber69
0,biggest
6,govt
0,191181
5,karanthapar
5,introducing
52,wv9hx6qmyv
1,wales
8,rubenguzmanmd
5,vtfpz9l6k3
6,lbc
5,ey74i8ciac
1,meximum
53,200
5,ckwglajou4
33,cobboldhumphrey
16,were
16,tru
1,elenas
6,became
3,arizona
52,8s5ebk9nfv
5,u9ghpi1sl5
0,708000
16,weve
5,3rbwycd0qi
34,times
0,vaxcor
2,amandadimilta
6,says
52,akhileshji
0,novava
3,zoekay94
52,kqf2debvob
52,adambrimson
3,comments
5,m2xjahwjdr
1,appts
0,148350
1,towie
52,2mxbt4pvre
0,vodacom
0,dinooo
21,roelofsesantie
6,thars
0,capita
0,665172
1,avsar
0,caught
5,izzutriples
0,gotten
3,segaleran
6,pres
1,japan
0,destroyd
144,led
5,ntsscamsteam
10,bahubali
5,infuriating
10,personless
21,nirmald72968844
34,worked
6,ctd
5,alexberenson
1,stats
52,pakistani
2,merylkornfield
8,appointments
2,andrewharding9
6,cares
34,havent
1,tonal
52,caplmoa5ld
69,abc730
2,cromwellstuff
5,o2wd0avnd5
6,tvn
1,aflds
1,gokal
21,hmitchellphoto
5,jamesabrenio
1,23055
3,creating
3,fbiomaha
0,butnhs
3,ktkozar
1,shots
5,o01fyfyxny
3,hitz567
5,rpvwdyazcf
3,wasting
52,collapsed
69,toronto
52,iexyvxacis
0,dollars
69,strains
52,2obm6jqtu4
10,djbaskin
53,does
52,waitingif
0,reported
52,julieoz836
52,immigrants
6,cvs
52,lasticlegs
0,refused
10,cisheteron
0,cwunews
5,nickypatto
0,services
52,erinotoole
8,anthonypesec
6,cwc
6,ncov
52,collapses
0,maddow
6,ctto
10,mdub2829
6,grrlmd
6,lib
6,lik
21,realbillrussell
1,leifermd
0,paying
10,holidays
5,volunteering
1,homes
5,x9gfckglzh
1,starts
16,tech
5,yxcqoipck5
5,abutipeekay
10,judgments
2,cyrilramaphosa
1,nurses
52,fzqzsyrrp8
3,auspost
5,a4jhpfk09f
3,mooting
0,sixeast
3,mo87mo87
3,expiring
0,bashar
1,nipah
21,weirwoodtreehug
6,cards
1,becaus
10,resistant
10,gavsterno1
5,noconversion
5,bbmwg2uvao
21,dandelucaactor
0,cornwal
52,swdbv5irjc
21,jacobrubashkin
52,xwxt9nmjb6
6,hours
5,bun5zhhh0s
0,refusal
33,frankfigliuzzi1
3,jimbourg
1,klans
6,paid
33,themichaelcaine
5,ig3bztaiuh
21,taylorpopielarz
52,vuz2eaaay5
3,filomena
0,twitter
0,measures
5,flqiqp8s7y
1,sweden
8,thalamsutu77
52,duffasteve
52,iueol6zp8v
10,chnvaasi
2,viveksrivastav
2,carolinelucas
52,comoanies
6,lnp
3,aairsick
52,phpxmespso
21,covidhungergames
10,asicmedia
0,requires
52,obmzn0zesp
0,stlkirk
10,richlowry
6,lol
6,n30
53,lon
3,planned
0,nbcnews
6,anti
3,studyin
6,los
3,glendale
6,uae
0,inherits
39,js100js100
5,hsdf7ouo5h
53,meant
53,means
1,caine
2,mrimjustsayin
6,centre
8,pinkwashing
39,o2ijknlbgz
6,prof
52,whitehouse
5,4x5u8pix1z
0,ritzau
5,8ltvllgqgc
5,smt5gsson1
1,96862
81,launched
52,mnwnvrz00s
34,shows
1,shown
1,dodger
52,iamaneesha
3,usatorz1
53,keeps
3,donlew87
3,minutes
0,created
61,happybirthdaydiljitdosanjh
52,1akfy6frro
6,done
0,devenrue
2,thebabylonbee
52,marcorubio
8,molopothato
1,pierced
5,2rdv483jto
10,residents
6,dont
52,canadians
52,qo0iekx8xn
6,fmgs
5,ketvlincoln
21,opalescentbabe
10,xlxruveirc
53,werent
52,equitable
2,qazifarazahmad
0,blaming
3,intl3e0mg
5,jobsandcare
6,ltc
52,yvyjy042p
5,oz876hutyv
0,utopia
1,built
39,bhogleharsha
69,seeking
21,grayinglasgow
10,dekmw6zhvm
5,lxjugka86l
33,whcovidresponse
52,culminated
52,lqumqr1jft
52,gratitude
52,equitably
16,earl
69,further
1,bidens
3,barbados
52,highriskca
16,dec
10,bitchute
34,hasnt
2,drsusanabejar
6,areas
5,strategiecs
3,gloated
10,parliament
21,briantylercohen
16,der
52,sifydotcom
16,des
1,finds
3,chicago
8,rebeccalacey
52,provinces
1,pex0rtp
52,preventing
1,going
52,kimmangone
2,coronaviruses
0,ravaroy
5,khlwulg5f0
8,bethanyincbr
52,maselbish2
39,substandard
8,r3trosp3ctro
10,walgreens
52,azeemibrahim
10,overbooked
10,wednesday
5,thejasonkirk
52,kylx0lrhlf
5,dhdtkkt5ef
21,scottgottliebmd
10,apartheid
3,trcyjntm
10,rollouts
5,garylineker
52,aknjvxvr2l
3,sturgeon
6,9th
3,stealing
53,doug
8,afghanistan
53,mina
53,did
69,kamala
53,dif
0,atrupar
0,london
10,sonicfox
1,tweets
52,launching
21,recommendations
5,cthvu39qck
10,shifting
16,fears
10,b52malmet
10,kel25d8yvm
0,brings
3,passport
81,forgotten
2,breakfastnews
5,shanti0207
53,uks
5,ngqsnc8vsv
53,info
3,hancock
0,angeles
3,srana06
5,katenicholl
3,adminis
1,cpchq
1,ckmkb
5,alangrayson
52,inoculate
5,ac57b8gzwf
52,kiswanson
5,transfixed
10,amateuradam
10,mobiliser
2,sendavidperdue
8,markwburrows
10,drericding
2,aeronewsglobal
0,states
1,wasnt
3,houston
3,podcast
5,disgusting
10,kizzyphd
0,793625
0,prince
10,billions
10,bjxirmpywb
3,abusive
1,harris
52,sytynfmufw
6,advert
0,concerns
52,crimescript
10,antoneeex
81,erictopol
1,sherean
1,mjywrk
10,recommends
3,showing
5,9ul4lz6zjs
52,2suhana25
2,vaccinations
2,greenhousenyt
52,tadr8nlpsc
0,helping
8,appreciating
52,askanshul
8,toxa0prevent
10,matttomic
5,subfreezing
6,dms
1,doesnt
52,lockdowns
10,supplies
6,dna
3,shimme67
5,vsqwu0zscd
1,lying
2,deadeyebrakeman
5,8lynghgbwk
0,scalper
5,iw2kfy7p4s
52,researchers
6,made
1,punts
69,signed
21,vechainofficia
69,hoping
6,biuk
33,bombayhighcourt
6,siams
52,qualifies
10,drzoehyde
1,warned
6,opens
5,xg04xvuciw
3,britsham
5,i2mjs974oo
52,8iifrf8tc8
52,xklbhu0ez1
1,81900
8,coronaslayer
5,aijv9xtun3
6,aoh7
2,govmikedewine
2,dinosaurthe3rd
1,snyon
5,kylegriffin1
2,brosephstalin
1,knows
52,opindiacom
5,dailycaller
52,advocates
52,fhap8kejqa
5,assholiness
3,everyones
0,todays
8,demigodgeous
6,300
52,10yr6vjigf
3,websites
2,daarubaazmehta
6,usa
5,elsalvadors
0,nursing
1,aparna
6,bedlam
5,c6mpwovpvi
5,z0whgxqkhj
5,circulating
52,jamilsmith
52,3l3dsfjvrx
6,logo
10,manishte
5,thsywa9uub
1,surgin
34,hasan
144,feds
5,jonesyfiona
3,carolina
10,includes
8,gokulmission
1,becomes
10,amulcoop
3,drtaban
52,cmpvrponkd
2,misremembering
52,ftjum9qasi
2,lizneedhamstar
5,ubiquitous
0,veterans
6,9962
3,nonsense
0,syringe
5,theautismdad
0,rbejain
52,lv1gmvnpbx
0,ditabe
16,men
1,louis
0,loredan
10,included
16,met
61,releasenewtrainingguidelines
6,4284
52,0cj07et730
3,sinopharm
0,iansams
5,vaccineswork
3,instagram
10,bullshit
0,woudnt
8,blaiklockbp
5,lso07ivwle
8,germans4brexit
5,jbenmenachem
52,zlxwkqeqtj
2,ucpvacations
52,respiratory
3,released
0,august
52,xd5pj6hmjz
6,gyms
3,received
6,mrna
52,suku1xrw6c
52,michaelson
10,menoyawin
5,certificates
0,highest
53,bame
3,receives
1,skerrit
3,suspends
52,e3znajc3mt
1,worlds
5,ashishkjha
6,mia
3,kenmiller
6,mid
16,scam
6,scal
52,tanzanias
1,shares
8,wbbaskerville
53,mil
6,1st
6,min
10,benldnurse
5,oxiwooxyaf
52,rkqhgra3ax
3,supports
6,twen
34,workers
52,vicgoddard
3,jeremyhume
52,y247muorej
52,bloodstream
53,stat
8,brookemiccio
6,bans
6,mans
5,trumpbegged
34,polio
5,yahuhgz6yf
5,2wnvzltpas
33,buddhad55857993
52,zioekp86zb
1,nilikm
8,isxa0declared
10,hv21rvymti
6,pharma
34,experts
1,funder
1,rebutt
3,protects
6,mkb
3,s44dcba
0,106367
1,forced
1,numbers
6,moeti
5,h4q5jojsgq
3,swiftly
6,arent
8,itsjustdave
0,funded
1,pfizers
52,california
21,govrondesantis
3,trudeaus
0,fahadmh
10,aaeayr2qpi
21,guitarplayernow
21,alisonmpeacock
0,000005
8,craziestlazy
16,felt
3,invited
6,wont
10,achieving
21,bhupendrachaube
1,b1128
0,cookes
1,forces
0,nicola
16,fema
1,secured
0,tuanzy
52,vetxayzqek
0,internet
10,ikscheeti
52,p3zqwsvmr1
1,needed
1,admin
5,prwvuqta9f
52,ioeeyvpxhh
10,sawaayama
1,vruenj
1,leaing
69,501yv2
0,romana
52,activists
21,nonstandardrep
3,lewisiwu
3,releasin
52,hgangwtgvm
3,winning
5,3tmds7lzwy
52,malsaafin
5,hellonolive
3,britney
16,bart
6,cells
2,votenickmoutos
52,joemartin66
0,ireland
0,auspol
0,shutti
0,claimed
52,tuggzyofb
0,movies
2,john43120139
6,vac
5,9bslbkac6a
52,gavinnewsom
10,workforce
1,lisah
3,profits
144,worl
0,scritch
53,matt
8,rememberedgod
6,vax
5,qhq3d76fc3
52,hfx2ylswrs
5,uuyli5vz1q
1,delays
52,jrmulaudzi
5,eovcphtahk
5,registration
1,qanda
5,xa0requests
1,14270
2,liberalslayerr
52,republican
21,davidscullion
52,benkesslen
6,essere
52,oyebiwpaux
0,rushed
52,nted3hjndx
3,believed
52,ezama2rr3x
1,europe
5,mdq5jagnvy
3,facebook
6,aged
1,dases
6,carers
33,christinehavill
0,indias
52,juhiesingh
34,21wire
6,ages
69,indian
10,zaffarnama
52,hospitals
39,breaking911
3,injuries
16,msm
3,fertility
1,e484k
2,thezaiduleaks
1,cigna
8,stanfordchemh
5,thpob1douf
10,expecting
5,chypcw4qza
0,failed
0,incomin
0,4000sq
21,relentlessbored
8,davebautista
5,covidwankers
5,sdaxxu72b2
3,syringes
5,5yjpx3tckl
52,truthsayer
144,seems
1,rodham
5,lwdhphdn5r
16,mum
6,345am
39,geoffreyyork
2,balchinimelda
10,zingiswa
1,talks
2,anjanaommodi5
10,dylanbyers
1,68053
21,khushboosayys
6,spent
6,cmon
10,shipments
5,ineffective
8,xa0campaigns
52,o4rru5ch1d
52,samepeople
5,pradavante
10,cumbriats
6,jabs
28,laurenboebert
3,providers
1,hands
3,allowed
2,fergieajenkins
0,legalism
10,hiiipowers
52,ebonyteach
2,itstherealdeej
2,silvestercliff
0,liberals
0,rodddp
69,moving
5,nb8bwdcxww
3,sabcnews
0,israels
6,boris
0,israeli
5,iiny0bupp6
10,aschapire
10,happening
33,hillarywarnedus
5,tlovechild2
52,j8lselptdp
52,ntximjzztz
52,joiirnh2z3
2,krishnaveera10
3,wouldnt
5,1vw2chtcz8
52,c8dhkpdj6m
3,shownus
81,wikipedia
1,agreed
10,rosaline
0,website
10,subramanya
10,trinamool
3,pushing
5,jyotirmaybjp
3,zerocovid
33,recallgavin2020
52,eagyezk6t4
52,addressing
0,drmadej
3,novavax
6,ohio
10,anonsevere
1,whats
21,priyapyadav18
52,roarquette
0,peoples
33,washingtonpost
0,sna0oa
1,biofarm
1,wrote
52,ctsrgjlnsi
1,pinup
0,cnapan
6,tests
0,canada
16,ema
6,http
6,mbau
0,slaped
5,centralvista
6,10th
1,roles
10,olwe2lesh
10,hillemans
2,donaldjtrumpjr
8,govrickettss
5,hijade2madre
1,gates
5,drkateflavs
6,voi
2,ideserveabells
5,careopinion
6,von
52,capitalism
3,laoneill
1,lines
0,drtedros
1,fails
8,thatfckeryote
0,memphis
5,lxc5usv23c
0,sideman
1,42419
33,foxholemedicine
10,naj3nr4m7e
5,handofglory
52,mek4ljuj4l
3,migrants
3,visited
81,facebooks
0,happens
1,tries
3,wanting
0,101030
0,called
53,told
81,shouldnt
10,manitoba
5,fkjp5qwzaj
3,islamism
5,kathrynvarn
10,onhismark
0,rolled
52,djairugeria
2,steeezuschrist
0,crosser
6,turns
1,tried
52,h7soim8whr
52,aartitikoo
6,nah
3,outbreak
6,5cfem
3,keluyuran
0,idiots
52,thousands
10,programmea
6,400
33,28000xa0students
3,pertinent
52,3bcele43u3
10,sputnikv
10,zwebrifyug
0,jhelmuth
52,paulkellam2
3,profrwin
3,optimism
3,bbcworld
5,ooiaujxgcc
1,asked
21,scottmorrisonmp
0,rights
52,eventbrites
5,kn9zauou5q
5,zy4a7bizxo
8,manufactured
10,deployment
0,colind
1,bihar
2,immunologist
1,stores
52,qcvpymvxgc
5,miggsboson
1,techno
6,2nd
21,glenysinfexion
8,nightsticks
3,beefcake
5,lg7xyjz8t6
2,voteforvaccine
1,10000
3,urgently
1,13993
8,monaeltahawy
52,francisco
1,tucker
81,pmoindia
6,vui
10,mohitksr
33,saysvaccination
52,deprivation
1,links
52,kjqpqgezlq
8,toffeechuchu
16,nex
6,took
1,elredk
3,stadiums
5,kcisqosfxv
0,stealin
6,tony
5,2ndvaccine
53,nfl
1,45533
5,jnthyavqxh
144,eus
6,cnbc
3,deloitte
3,cornwall
52,tpw2mjynu8
52,nygovcuomo
52,obrvufeiu3
3,reaching
0,pheonix
5,khattak653
34,chose
34,harder
8,michellerempel
34,rates
52,q2hwwdmu0p
52,prioritize
21,rossmckenzieag
1,risks
5,imgrandsure
3,freezing
52,ichadhaari
6,nhs
0,terzulum2
10,benshapiro
1,queens
5,cyberbully92
33,bogochisaacxa0says
5,gbd9fhjp6q
10,elintnews
5,vqxokzbahv
52,lvgriyqg4r
21,oniblackstock
1,rabiu
3,johnson
6,nih
0,decided
0,skills
52,companies
0,librals
5,matthew4trump
3,locally
52,q6r1jynreu
0,builds
0,mabuti
0,zealand
16,subm
0,redcar51
52,h4yenn2kzd
2,scotttaylortv
3,coronawa
10,countries
0,brooks
0,wanted
16,tory
52,wallposter
52,supplying
1,yatras
6,iowa
6,feels
6,serres
8,keelyflaherty
8,georgenhammond
3,students
52,m7v0kymkzw
5,journalists
5,ccvgldkhyx
52,vppresssec
6,b117
0,insane
52,nhsengland
8,expectations
1,centres
6,appt
52,arsenalmoh8
52,9ftdxex2y9
10,bhaksala
69,carlson
3,recovered
52,paulblezard
5,cfhk89itzd
0,nypost
5,xypcn0v3k4
2,anandmahindra
10,supported
52,kqndew9djn
0,florida
52,breenewsome
0,remains
0,madsen
3,arriving
6,no6
0,jclouw
52,pvbglfwlml
10,9p5eqhz6m2
2,drdavidsamadi
3,euronews
0,sharing
33,afieldcnnxa0reports
3,lputsuy
1,50000
1,reopen
1,hisham
81,fatemperor
0,196125
3,classen
52,ghanibewdi
3,affluent
53,non
5,keshawnrants
3,capretta
52,supporting
34,lived
3,fmwales
52,wisconsin
1,sambi
5,6fiza7b79c
6,was
5,e29chvckui
0,itvnews
53,grew
16,npr
10,shortages
1,israel
69,african
69,africas
3,riffs33
6,greg
61,u000e0067u000e0062u000e0073u000e0063u000e0074u000e007f
69,discard
10,hariaisfc
10,dcprotest
10,jeffmason1
8,eligibility
0,charles
52,6esjihbgby
0,issues
52,k88uryxspc
2,chiarazambrano
0,grandma
0,miotei
52,struggling
0,issued
0,exhibi
10,dashboard
1,livel
34,lives
52,buttpraxis
2,misinformation
52,ltxmcruauu
8,raffensperger
0,jobrant
10,qzodea7rqd
1,lowest
6,fbn
5,tb6dtgo2wt
3,determined
1,didnt
52,abfrancois
52,idzmcdmrun
5,prioritized
5,zv5i8ynfey
10,ngznh77rrm
3,piercings
10,eywmreyrlj
53,cp24
81,districts
1,irish
10,microchip
52,rightnadim
0,commons
10,receiving
3,couldnt
6,nsw
6,mahim
52,vasbalaji
16,wed
6,older
10,psymonjet
3,relieved
10,citifield
3,masking
6,fda
5,hayleymartin
16,heres
39,astrazeneca
3,happened
1,behold
16,37pm
1,levels
33,covid19vaccine
0,charlie
16,feb
3,booking
2,pharmaceutical
53,dick
52,2ciqb2m08h
16,fed
52,ydfbsefoiv
10,208edxmkfz
6,p95
5,gimx0uoqpv
1,looks
8,airforceseema
52,realtina40
5,cusx2wugyy
52,mspilcim2u
0,letting
52,journodale
10,ftmusedumz
52,quidangen
5,ankitabnsl
1,41983
5,bmbxhtqbfs
3,reshapes
34,opened
0,decadon
0,righters
8,areeshjacobs
10,produced
8,undocumented
0,effects
0,cdcgov
10,drmwarner
5,explaining
1,newsmax
52,geqblqbonn
1,frsvf
81,globally
6,died
52,jacket1962
16,uber
1,vacci
8,intelligible
5,itxw2o5pi0
69,trudeau
52,gksxqbamzl
52,fozmeadows
5,9vloyjdwgp
1,maladm
6,wil
6,dies
52,i33kjyrs6i
3,designed
3,zieb1234
52,rei1000000
52,monophile
8,yarramanbully
61,israelivaccinationaparthied
1,73537
6,wit
10,anonmetpc
5,tyviytd4ir
39,ericgarland
52,recommended
5,qpjyvvg6el
0,restorin
52,xm1pqqrbgy
1,matters
6,defame
6,nyc
6,uses
52,briefscott
1,denied
6,nyt
6,nys
0,assures
8,incompetence
52,nn5717eouh
10,rejoinder
1,deaths
10,promoting
3,employers
52,kpc5gaourg
6,ramp
8,murjanirawls
6,1351
10,brouhaha
0,mareq16
0,turning
10,partnering
3,looking
6,formed
3,moscone
6,whos
39,mmodiba10
0,javits
8,vdombrovskis
0,vaccin
8,kwanwillsen
52,eliedolgin
0,systems
6,btec
3,enraging
8,2seekergeorge
0,keeping
34,18000
8,ingridbergman1
3,lab1qwl
1,heartbe
21,apartheidstate
2,jarogiesbrecht
6,flu
52,iamichaelt
0,ameeeen
2,thisisourshot
0,ambula
53,11th
81,dominica
0,admits
5,xcpbdw4bnb
10,fosterhood
1,sites
144,ford
5,sunilmath83
2,limitlessjest
1,txsfrg
16,gary
10,mipcczwo
53,won
0,punishm
69,justin
0,asside
5,antibodies
53,wou
8,beneficiaries
6,needs
52,ggimkexb4b
1,vials
61,baapkokuttanahibolteandhbhakto
5,sak19o2xxb
0,caracas
8,piersmorganget
8,samcoatessky
52,uq8owifqgm
52,ymj3ra3hz4
21,emeraldrobinson
52,6op1xr3ppx
5,vyqoj3v7vu
8,lauriegarrett
52,mountains
0,helion9
1,domes
52,only1nielo
5,kailashkher
52,nqqyd25mmm
10,mistakes
1,india
10,watching
6,fox
5,sammcaleese
16,alert
69,teachers
1,mayora
5,6hcpznnyts
0,confirms
0,claries
3,spanish
2,rishavpandey4
6,elon
6,0084
6,0085
52,mdvxue3ysz
53,500
21,sailorrooscout
8,inquestioner
21,susannareid100
52,exhilarate
3,congress
69,poland
81,canadian
0,delayed
8,zalisteggall
52,0dfmy47mqd
6,wsj
52,6mp0m70s5k
5,hmllndidz8
52,2ljewftxgz
5,bwppytygwt
1,portal
3,achhedin
1,french
3,advisory
52,commercials
6,wtf
0,talked
8,thequeengeek
5,1s9w3alvgb
53,gave
3,covaxin
52,sekartweets
6,gavi
10,recovering
3,markdice
6,foxb
1,turned
8,scribbleymark
10,zpnexrvx59
3,tuskegee
6,usst
52,4gnfacpvrr
5,yawuu78xyp
10,wcbuecker
5,bnohtusosl
1,meantim
0,sending
52,v0rdtpahu9
0,ottawa
1,sadly
52,modocchio
53,knew
3,mokayah
0,sullen
5,b8npaykfte
2,disabilities
0,places
52,m3s2vdii9m
6,ste71
52,grmmtm3peq
52,awalkerinla
2,polskimexican
3,spaikin
5,fitoopnguv
10,josiensor
5,ftxi508sst
6,ogg
3,suggests
10,15418500
33,mithles49920028
3,daverich1
0,picked
10,lockdown
6,d6op
10,korndiddy
0,webinar
52,thehirohito
33,dallasmcfarlan4
69,months
0,nonnee
5,pmfluw8dvn
144,3rd
33,mlcxa0ashutosh
34,halts
3,thatdue
33,10downingstreet
6,venzq
10,ussnimitz
52,neidbkib1p
5,psliqd1cq3
33,tharoorosauross
2,modernavaccine
5,childrenshd
2,mattsstephens
28,bbcbreakfast
52,reaganworld
21,danielkelly150
5,incompetent
10,dansigner
21,eltonofficial
6,oin
52,semenovaka
6,fxn
21,pastors4txkids
0,allows
52,foien0kkdl
8,alexandrakuri
5,thinkiamsad
8,highwiretalk
1,vyapam
10,families
10,nowooski
0,whilst
2,charlesschwab
52,qymsslfmcq
53,fyi
1,easier
0,alaghs
21,greensofcolour
1,remarks
3,sitting
5,kfq9hibzof
3,dhaggar
8,leahincanada
10,bgibbles
52,4obfmqfgnt
5,p9zk5ufkse
10,registered
39,devisridhar
0,1please
2,professorskill
3,promised
52,adampiercey
3,speaking
81,mugecevik
3,hundreds
1,expiry
3,promises
52,ycjqcujlro
3,breaking
1,gotta
3,diseases
52,pmxa0just
52,vaccinate
52,vaccinati
1,expire
6,viral
52,clfpwfimdi
3,donated
5,chronically
1,minut
1,seniors
5,nzclg2z3z6
144,seen
3,incurabl
0,robsevy
10,deemadigan
0,279647
33,dhrubachoudhur5
5,pvz0vzghsq
10,merchant81
6,smug
1,48682
10,starsxmoon
1,email
3,issuing
8,daviddavismp
0,unions
1,tories
5,utterrubbish
0,started
0,asilwi
5,homosexuals
52,fjyngpqmwq
8,gbdeclaration
3,donates
33,thalasudharshan
6,757f
5,wsdlzksjlu
6,ons
5,wu2xsinpdg
0,buying
2,coronavaccine
81,censorship
33,hospitalizations
3,risking
34,rules
5,gfvz2lgfj3
3,briefing
6,newsom
6,rupert
5,3n0ivvhg7e
0,details
1,bengal
69,mkhize
10,klkc2009
5,minceirbeoir
52,paranjoygt
1,transm
10,ofxa0cepi
3,outreach
5,yct67yd3sj
3,bluntly
10,purchased
52,procurement
0,drgina
52,ucyqouefer
0,miniest
52,suggesting
2,floydshivambu
3,changed
2,kinsellawarren
2,evenannaliese
3,changes
5,sexa0offered
0,expects
10,aebpimxb2g
5,65ido3iiao
3,davidfrum
0,cringe
10,kiuganda
6,lies
52,inialannn
8,borisjohnson
34,b1351
10,mandated
1,cases
0,securing
52,000000003
6,lied
33,graemewhitfield
5,nt4tigypjo
5,e1tivo8zfw
52,4xg3ozruoo
3,anthony
33,politicsovereverything
16,held
0,chains
5,kingtsibeko
3,punstarr
69,dragon
53,april
52,tzmcubrioo
3,closing
10,toxa0pay
0,ontario
52,q2sgurkwxa
3,sarscov2
5,gft2vyk7ql
52,inability
16,teams
10,sluggish
3,churches
5,julesjester
21,richardgrenell
0,indoor
6,syros
1,magda
21,samanthasmimyp
16,dara
52,j0s8ri0w4u
81,peterhotez
0,nonvax
0,girlfri
6,271k
3,cjubaka
33,302forssrculprits
39,ramaphosa
10,h25ahewivm
16,gen
5,1oiv3skgh7
3,wouldve
52,continues
5,3ov4voftni
2,becauseflorida
1,alway
5,camw5ss5bu
1,28209
0,forcing
5,h6vxhah9th
0,611000
52,govparsonmo
6,2738
5,tjtlzapvgh
144,thru
10,addresses
5,4twaksiduz
0,5people
52,1olu2krvta
1,rm354
52,hondanhon
8,consequences
33,ronanburtenshaw
5,xffqp53kkl
3,quadrupl
0,nytimes
8,gasecofstate
52,fordnation
3,r4today
0,skynews
16,sent
3,modernatx
0,ending
0,efforts
52,pzarp73xzz
81,ajenglish
21,slamsxa0pfizer
6,loews
5,clinically
3,youtube
52,narendramodi
52,contacted
53,aint
52,challenges
3,rejected
5,pjk9v9qycz
52,cvnpbuezug
5,pw63h3buk1
8,nancysinatra
10,kwakzzzz
0,foxnews
21,projectlincoln
52,keenwaacai
16,herd
0,mutate
0,stories
8,armymedunion
3,sputnik
52,bwvgzv2mfa
0,groups
2,theblackwendy
10,zuckerberg
10,allowing
2,purposewarrior
52,mh9zyrkesr
0,tuesday
52,b7ddfelsy3
2,covidvaccine
6,scams
16,york
5,mrtommyland
10,babubasu
52,locations
1,rajan
6,dauk
3,magkano
16,german
2,dougstanhope
3,buagroup
1,moderna
52,gtqvlcrvlb
0,dashin
39,xywolgxgct
8,palestinians
1,rides
52,ricksmoove
1,begins
52,gfvzwlpmgp
10,protected
0,wasted
6,youd
3,iansalim
5,nachotrades
5,wolfblitzer
6,baker
1,chios
81,smallpox
2,sharadtiwarii
10,volunteers
52,kdcw7ktrtg
0,500000
6,covi
0,replies
0,niacnn
10,educators
52,edbcollie
3,hollowe
1,kylie
0,yashar
5,euvq990zsa
3,talking
6,z1d
5,marsstarmind
69,booster
6,youre
10,kxergszikz
0,arrived
5,mikegrunwald
3,southea
10,therecount
0,lights
10,editorial
52,3lamwxhmgr
10,tattooed
10,4ixt8sw4
5,staffplease
6,r105
3,americans
0,bbcnews
5,jasminarmy23
16,vaers
1,pfizer
6,days
3,timeline
5,khulaniqoma
1,faces
6,god
21,houstonhealths
1,reports
6,arfa
33,isawthesethings
3,hellocvh
6,gop
1,0230am
5,5gnh3yyyuh
0,modernas
6,got
6,gov
3,amounts
6,wheres
5,qasimrashid
53,pak
5,contributed
5,vsobzhd0yd
3,tracing
3,shipment
1,shtik
21,dontsmileattee
3,european
5,lg6czbodyr
5,kjd1dqjnlf
21,internationally
53,gps
1,41346
5,msjx1cu6gz
8,brilliantly
10,9irl9omyx4
1,slots
52,llxuuzcc1m
1,erased
39,diazbriseno
5,zzv8qy2s8y
6,600
1,claims
1,folks
52,8j9gumcxgt
2,grhutchinson
1,chile
5,jpyyxaw6ei
0,jbouie
52,kdawfmepv7
52,nirzjlvq8c
8,dramirkhangp
52,paulsmudga
6,germany
8,inoculation
33,labouragainstas
52,mothewriter
10,shankill
16,pcr
1,brexit
1,vaxxers
52,tambritton
8,bharatbiotec
5,xkk5a9fhe1
10,lucrative
0,mrpyo1
8,johnbarnessf
52,eaefku2vj6
10,etiology
2,rupasubramanya
1,china
0,maheshi
52,alihaggett
52,sarahkovac
5,fchzldvql2
1,medacs
1,inject
10,considered
0,american
3,delivered
8,blakupinyah
16,30pm
0,americas
5,outn2a0wkz
0,russia
6,heroes
5,vslalxtavr
10,greghuntmp
52,pcvv8fmzvc
144,peo
8,danfostertype
1,agearan
52,ajopinion
34,africa
52,rn2rzkj1yg
5,l7ubhwjnoz
1,masks
21,hallagullaboy
10,suspended
3,uniting
6,cuomo
52,i3uztlmmbx
10,potshots
3,govinda
52,jeenalgala
0,mondal
6,perino
52,mehdirhasan
5,meghupdates
52,uk8zpqlm5o
52,tepsfb4ncw
0,monday
0,gbeecham
3,digbylj
0,robust
0,heading
69,bought
1,gonna
52,discussed
6,3270
1,names
39,ayisebenzi
39,davidkurten
2,legalhackette
2,jurgenklopptd
0,moines
21,jakeshieldsajj
5,vufao3w5xu
0,hacked
1,covid
69,mairavz
5,predecessors
10,mmrkiymd9i
0,347000
0,roosev
52,waterbombing
3,prevents
21,professionally
5,ynjvjstyho
6,65s
0,earlier
1,members
0,356000
53,lakh
5,ananyaucla
6,4th
5,2fpfuhdatz
5,5odkuf1xgn
52,makatizen
6,theyd
0,dundee
6,swab
5,sutl8ckax4
0,thehill
144,arms
0,880000
3,virginia
1,shroff
3,trashed
0,rising
0,jwynny
52,rtolzzvefq
5,dz4vnghxl4
1,youve
52,elivalley
52,2zaibpzr9j
0,friday
1,webbhk
33,ssccgl19t2quickresult
8,piyushgoyal
6,tied
1,makar
0,543147
69,myanmar
0,manruss
6,omari
3,sinovac
3,refusing
3,7777003
10,margrethe
3,ardently
0,walmart
16,pelt
8,alexandrameeks
3,kunyiwe
52,sujangogu
6,500k
2,masterofficiai
0,premiers
3,botched
6,r18
3,lawrence
0,thinks
34,events
5,discussing
16,westm
6,began
3,ingot54
52,zaoi0r24wt
3,forecast
21,diseaseecology
5,xhwujhjcka
34,vaxxer
6,musk
0,kennedy
6,r24
2,philipwatson
8,populations
3,schmmuck
52,vamsikaka
6,pod
53,pol
0,giving
1,facts
0,598389
3,countrys
53,pox
52,impeachment
21,trollfootball
0,junaid
1,gives
1,latest
53,ppe
0,beating
5,wjkglqtqak
8,politicians
10,notebandi
53,ppl
2,vijideytweets
52,milinddeora
0,realise
52,6zwrucy579
21,scottlincicome
10,jwvmosrmu7
10,benstokes
6,buys
5,uckgynzfd9
6,had
8,conservatives
6,hap
0,things
39,scheduling
5,demonetized
53,has
6,hav
3,dfm2099
10,f1hxheymcs
6,offers
16,pre
8,jewishnewsuk
16,peop
52,kajukatli
10,toontown
34,batch
1,yorksh
53,zweli
52,d9yedghygq
33,indianaxa0have
8,politicsreid
3,cacovid
1,checks
2,kristinanneh
3,playing
5,rumanulhaq
1,edsbs
10,employees
16,wars
3,updated
10,te9ygmgxzd
0,otoole
16,warp
1,const
0,asking
3,updates
10,mamadglo
5,cqkkof9goa
6,ends
1,86205
3,ajcdeane
52,rodolfooo
10,pharmacies
10,scottreid
16,yep
5,ho5ftyqslt
10,noahsh15
5,md2s06g72y
52,puyms2ffe2
52,joqlgipmxn
39,mmpadellan
0,238809
5,xavegregorio
52,matisaksk
6,pub
1,albomp
1,jalao
10,samajiye
1,youll
16,hea
16,hed
5,yiqknohot0
10,governments
10,stellzpari
3,gehringdc
5,tejasvisurya
10,fqvxo9if
144,hes
52,authorized
33,promotewithoutproff
8,robinhutson
2,advobarryroux
0,having
52,underserved
3,russian
8,saketgokhale
6,iran
52,ogkvewu387
2,kittenfish817
33,coloneldelancey
3,russias
52,mlck0mzpip
52,txhhpr9ihu
5,sleavenworth
0,zoolox
5,questioning
3,confirmed
0,jakevig
33,aaishadadipatel
52,bucksexton
52,plainjamie
21,sanayaadhikary
6,ways
21,missingpundit
2,disinformation
52,confusing
16,peut
33,covidvaccination
39,beschlossdc
3,eugenics
3,dashiell
10,unsourced
0,january
1,25299
3,brewdogs
5,ayko6xvgu2
10,gregarious
52,0ejjusfnis
5,mbqj11jvoi
10,pakistan
6,gcon
3,wondering
10,sh1tshow
3,flatten
6,hiv
52,nuevothato
5,thmqvsnbga
8,carryonkeith
10,britains
3,rollout
52,trendulkar
0,uptake
1,whcos
5,rnksdvgs8g
52,xcrjws8hab
2,blackculturehm
10,ccq8jthp
3,canadas
10,talkradio
0,ymanie
0,l4leelo
21,ajaytiwari1992
0,values
6,asap
34,percent
5,3a3bkw4cnz
10,gabrieljr
3,september
69,sounds
5,kendricklamar
5,soa7f8kjyh
0,banned
8,billyeichner
8,gatchailian
6,hll
5,freeloading
3,posting
1,gance
10,rohitrj16
52,retkiuccbj
52,franalabi
16,been
3,ngamedia
5,jamilfarouk
2,eugeneleeyang
10,rvelascoa
1,videos
39,competitiv
8,rmholdsworth
8,tomdreisbach
2,bloomingdales
6,maran
10,delighted
6,july
52,pxehiqavuc
0,trying
6,deals
81,millions
16,firms
52,brimatjuda
21,drxa0gagandeep
16,mega
3,sstweeps
2,strengthtodream
1,comes
52,abdulsamad
0,daftie
28,astrazenecas
3,procured
3,uncouth
2,notedgarrivera
10,blocking
52,neilclark66
8,madhavmantri
5,sauuuzuass
52,q2lejczzwy
5,yaschamounk
5,0anuuiv9ij
6,gover
3,democrats
10,9rlaarmx4r
3,outraged
10,kj44xex7rd
3,thursday
21,pathologizing
6,hpv
6,tells
5,8f5nzyulfe
6,june
1,calls
5,chancellormay
3,evacide
3,putting
81,questions
10,breesanna
21,sarahmo84990651
10,scotland
10,gatherings
0,chinese
33,scottydoesnothing
52,nyhcpf6ec1
52,princebkay
52,calthalas
6,717
6,ehdlm
5,californias
16,hrs
5,z4wcioqyeb
53,2000
2,marklevinenyc
8,seinfeld2000
34,sfdph
8,cyrusmmcqueen
8,longtermccrime
52,4kytr4ab6i
53,70s
8,slpnggiants
8,cnntownhall
8,prioritizing
5,alanhuntermtv
3,cinnamon
3,waiting
52,purchasing
10,juliahb1
0,madhav
10,malaysia
6,yup
16,bela
8,martinslewis
3,exposed
6,diego
0,passed
0,microbe
53,sold
52,rebeccatee
1,idiot
6,htt
6,2022
6,2021
6,2020
8,drtomfrieden
3,4563260
3,incompet
16,200m
21,rohanconnolly
0,killed
3,michael
6,hub
3,suriya40
1,pkmkb
8,datemyfamilly
1,owned
0,decades
10,injection
1,answers
3,variants
10,knowthey
52,enasharp52
10,tracking
2,farmerbill2020
1,america
6,2024
52,guidelines
5,fa9v6wgbbz
1,gadda
6,fired
5,b5c4pnwxln
3,victoria
0,goodger
8,arunmsukumar
5,karunaparmar
8,politics4ar
33,danpriceseattle
10,morenazee
2,dancrenshawtx
6,asks
0,reached
5,q6xhwhwut8
10,cancelled
10,exsecular
3,inequity
0,acting
3,britain
10,peisocvm1e
52,altabscbn
0,granger
5,achca7fhva
5,persnicketyk
53,robert
6,chsl
52,bmuleltx1c
5,jonnygeller
8,allgabnojab
10,oelf1rpdsa
6,chsb
52,kvishreddy
8,sanjaydixit
1,nigeria
8,andrewczhang
52,rjvl0keddq
8,angierasmussen
52,mikedelmoro
33,chandan33310215
10,wussydoc
39,dailymailuk
1,bulet
6,cyril
39,khalistan
1,bosen
5,jdox5xiiew
1,mjlee
52,mollonlaw
8,theintlherald
5,mzwuihzybg
3,british
21,rebeccadrobbins
5,distancing
8,depopulation
10,confused
52,greghuntmps
33,bandisanjaybjp
3,wterrence
5,t2buhg57gf
5,3fdxyl3jba
1,jollz
0,othereli
1,sooner
33,chaudhariullas1
1,drove
3,relaxing
53,2085
6,steps
69,friends
52,scientists
21,garychalmersski
52,missjayla
6,true
16,sore
52,r1warfbuef
6,astra
3,problems
34,borders
52,certificate
1,appears
0,654810
3,monetise
52,sjzdyeoeeb
3,funtuas
34,sindh
16,heard
3,falling
21,admediainsider
3,ontarios
6,abou
10,outflows
39,drjacobsrad
3,menggila
3,shocked
21,thejagmeetsingh
33,scottzilwarrior
0,measles
0,sambal
0,quotes
5,g4hfnx41i5
5,spiceweasel
10,dppbrecon
6,5139
5,9lx5jknxqk
5,jennybing53
1,based
0,karzaih
52,lljwrnxbys
53,taxi
8,drzwelimkhize
5,135billion
5,overxa0legal
0,combvro
52,frontline
52,disastrous
0,bimbos
8,cinemapayyan
5,1o4ch8ah09
52,acgrayling
52,infectious
3,saturday
8,grandparents
52,dx9up9ry98
10,illinois
10,dqkeosmcii
0,163377
6,iaf
52,5x5rrnrzgk
1,govts
2,spectatorindex
5,pikzi80bxj
21,jayashreenara14
5,mxxsxpaadv
5,heidigiokos
16,birms
5,dgurdasani1
33,koushik56468174
52,h7dak3m85r
1,hydxb
2,jakejsullivan
52,cmoengland
6,bleary
33,faultyventilators
0,showed
10,reactions
3,ranking
1,adverse
52,h89hamdg2u
52,announces
0,steveuk
1,spike
5,drv5x8qgib
52,infections
5,provincial
2,shortagexa0of
1,klutz
3,pamsson
52,announced
3,eadewunmi
5,zaxcgw3j4z
3,cansino
33,blacktwitterawards
1,pagoh
52,idrzzj6165
3,israelis
1,kills
0,expires
0,reasons
10,scheduled
0,begging
34,mutat
2,makhabayanga
52,t1vsr07jtw
0,expired
34,wants
1,dinin
21,timquerengesser
8,memetemplatss
0,answered
5,propaganda
1,covax
10,921people
5,c08thfbqhq
2,tobiasellwood
10,amiyatwt
52,do1f8abfmw
52,qgswdsm5h0
5,deaneoreilly
5,nursezj1974
3,twwings
8,simoncolgan
3,suitetea
0,pdebdon
5,jerasikehorn
6,qwq
1,unwell
10,arieldumas
0,876000
1,yelled
6,olds
8,bobbieginger
39,indepdubnrth
6,zip
5,ljnkthnis4
0,reduced
0,224301
52,balasaheb
61,floccinaucinihilipilification
1,pharman
5,rigginsslim
39,vonderleyen
52,jayharwood
52,3sgepnq4hb
3,sozages8
5,yuo91hfk4d
33,disproportionately
33,ramaphosamustfall
34,spain
52,biodynamic
53,rupa
6,arres
0,regions
10,immunity
6,iio
5,bbn86j0tsb
52,sapiofoxy
10,piakutts
1,gwsmhs
0,causes
0,tracker
0,reduces
1,hopes
10,explains
5,dpjkvsny25
6,d241
0,caused
10,ameriprise
52,iapd4esubn
21,mrmake1thappen
52,demnakz65y
5,ca4yin11yt
0,cannot
6,fake
5,writemeenal
21,slaughterhouses
5,pimaarizona
21,nicolasturgeon
52,5lda0ycrtb
1,yorkers
3,nuances
5,mailonline
52,sheaserrano
52,wu0pkqrqz5
69,halted
0,viruses
2,catherinewest1
52,petergriggs
5,x1iz1l3cbs
21,deepakkhatri812
52,published
52,advsanjoy
52,caitmayart
10,megtirrell
10,goosebumps
5,pp4tobzd5h
21,milkstreetcafe
2,professionals
5,cameronkasky
3,holding
52,dsa840269
21,auschwitzmuseum
5,demonstratin
52,toh0ogm0v3
8,matthancock
6,inc
10,piersmorgan
10,listening
1,maine
1,kirvers
52,a3ebizsvjq
5,katstafford
1,trehan
10,limbaugh
3,resources
33,raytanushankar
5,vu6uohxxgp
10,euphonik
5,zzi6i82wgz
5,moalsalafi
34,msnbc
6,4714
3,fvoelj9u
3,3316019
5,uzs3bju4fw
8,iancockerill2
52,pmhsdbjeuw
52,um4wr6a21c
52,sbnqoxlm29
6,texas
2,childrensnatl
28,nationalist
5,reputushion
0,sangria
2,dzumasambudla
6,warns
5,nationalism
33,shortages1000000
6,ran
6,iph
10,navigate
33,kamloopsarchaeo
0,younger
5,authorities
0,nestruck
34,persons
10,childrens
8,jamesfburnett
52,institute
0,charged
0,angelrat
53,isnt
52,providing
6,weeks
52,2ygvcwmuj7
39,culchieegirl
5,eq5v0buq3r
0,manual
0,posted
1,29000
10,janhavee
21,kathyvsinternet
0,verwoerd
1,gapay
21,drolufunmilayo
1,scott
5,zkjgbadtks
1,corona
6,abc
5,jimmykimmel
52,01delaj4fy
1,nhsuk
0,101417
5,2ocu1xo5bs
1,swine
5,mohfwindia
5,mohitchy33
6,ad5
0,trials
3,calling
6,80s
52,aiishadow
3,citizens
10,dremmanash
10,sentletse
1,moved
1,kayla
3,pandemic
1,jenner
5,1woas2gpcv
6,berges
34,helped
52,7t7wjpe2qj
3,thomaslw
16,Term
52,2jrpvrd55e
52,christiana
69,melinda
69,unicef
52,x23htirs17
6,rfk
6,guys
0,pharmacy
5,washington
10,darrenforme
52,6ep94aycuu
3,joining
10,vaccines
0,united
52,bmfgty7ri3
5,fqotjpc9dd
6,feb20
5,n4q7xh34k8
52,tranching
52,e8ngeixf88
0,brosas
5,jykwx9l06b
52,8gpj8okmbx
2,irresponsible
6,ive
10,zoeharcombe
21,wednesdayvibes
8,millieweaver
8,toryboypierce
52,tobyturner
52,hugolowell
21,palantepalante
6,crap
5,theeconomist
5,sherrysworld
0,fucked
5,m9diclj53t
3,iranian
53,shah
5,fannychoir
10,plandemic
1,theyve
16,years
8,mercedesbeanz
3,newpaper
1,zoeiyn
1,centers
5,tjkycdfjqy
6,wcki
52,businesses
21,natashabertrand
21,flippedhatnupe
5,distributed
3,impacts
6,naal
52,er3gx1qvsd
1,urged
6,81cr
33,chaoticwitchau1
5,dlfja7xisz
52,humungous
2,swamijitweets
52,qzjvmglaje
1,urges
5,mcsc74oi6x
10,siltdeiprv
10,healthcare
1,bamas
5,sso1hcsvin
10,startsxa0
52,1cfm2jd5st
8,maitelsadany
52,demotemitch
52,cadoctorj1
3,infected
3,potrebbe
0,filled
2,minhazmerchant
5,kl08885703
8,mitchellglyn
52,605crqfyvz
6,citi
10,cagovernor
21,jenniferjjacobs
10,vaccinat
21,lisabrochester
52,woeawybi70
5,mechapoetic
3,signing
0,robson
6,theyre
5,angelafolmar
5,iamthabisom
0,izzlax
33,largestclinicaltrial
5,qqixbqhybt
3,missouri
0,276000
0,points
3,amongst
6,modi
8,manojlilhare
52,vdzfg8fwmo
5,implemented
52,nq9t6aevnr
5,tjnlhj1iku
33,gangadhareshwar
8,ericbrownzzz
10,costellop
6,rna
3,akhikesh
2,drharshvadhan
3,clapfor
1,punrai
3,biontech
3,thusfar
21,sanchezsalazar1
52,lstrivpzgi
3,tattoos
1,prayers
10,liamstack
5,dvwbndlieh
3,objectio
5,9a5cicfqvw
8,presidentshi
3,jumping
6,amp
1,pfaiz
5,danbarrynyt
52,7u6xack4nm
5,themood2020
81,contracts
8,khalistanis
3,ivermectin
5,annamlaughs
3,telegraph
61,foreigngraduatesnotforeigne
0,549943
52,negatively
53,anc
2,siyamtitshana
0,saying
1,zeynep
6,ani
10,qikipedia
52,subjective
0,looked
10,hornyyoda
1,blunt
52,jalpa9298
1,potus
3,infectio
3,bhutiye
3,superbowl
10,suggested
10,milestone
6,shes
1,30033
0,austerit
52,talkradios
8,xuzeyuphilip
2,testingxa0and
52,expanding
1,kielymc
5,cuxbtwolw0
5,508fwdidgd
6,jab
81,scottish
1,24139
5,1r9bngn1lr
34,oxford
6,jan
3,marseijo
3,english
52,3qugvfvre1
10,3n5zrha2am
6,app
34,using
5,containing
6,vial
10,completed
1,hornik
10,plasteronme
5,levisstadium
52,recipients
53,zuma
21,ahmedshalaby51
8,fergusmuirhead
1,overtime
16,49ers
3,kdorrusa
1,doses
10,vallance
5,predecessor
2,payalmehta100
21,sixpersistsblue
10,increases
52,hissyfits
5,zg7u9abpwn
16,are
1,taken
6,came
3,chofski
1,takes
6,kids
5,rzlzsiyzw0
53,vice
3,reynolds
1,46378
21,bachpanamitabh
52,louvu2mhqa
8,drsimonegold
3,targette
8,administering
5,hul8b0ksqi
10,kecb3frw13
10,oskardini
34,theyll
69,partners
1,trumps
6,7000
52,radicaliz
0,becoming
10,sadhgurus
2,organisation
6,cant
5,mjrowland68
52,vezjiy1wi5
8,individuals
5,challenging
1,elton
21,prescottpatriot
52,drandrewsk
33,sougatabhowmi11
3,protests
3,neighbors
8,chjesuschrist
1,hajis
0,results
1,lvkmxn
21,christinepmarsh
6,namo
3,defensve
5,h5kg4adhfz
8,iamkillface
6,worse
52,prosecuted
3,screaming
6,yall
1,longer
5,ohvxf0wpvl
8,iamphveektor2
3,watched
21,chattopadhyay
1,senate
0,chooek
52,colleagues
5,blackmajiik
6,worst
3,benefits
1,truce
21,news18tamilnadu
52,x9eeaeah1p
1,defene
3,nkandla
5,danieljherman
1,learned
8,shivendraupmss
5,rfxvnyyf08
52,u3ldqcrsly
6,sorbo
52,9nibpr98yu
5,sarabelponmd
0,rageful
3,04jan21
5,hr6dkadtvz
52,ebxbzqkrzc
52,dy6evl95za
6,trump
8,peter19195280
1,dangers
1,flirty
5,republicans
5,disproporti
8,diseasexa0by
0,amnesty
0,3tamluk
3,berdyaboi
52,officials
0,greater
52,bj18zmxfqr
0,yodaberg
0,crises
0,chinas
3,chadox1
3,turbovax
0,sunday
2,agencyxa0says
16,carn
3,failing
21,kanwardeepstoi
21,ayyub08300044
5,obscurantism
5,coronaracism
52,australian
21,mike7459954332
8,victorerikray
52,ur903in1rf
5,neutralizing
3,holdover
6,natn
52,gxgmkkh5jo
0,barahmeh
21,jsolomonreports
0,tribes
5,qnsk45qoku
5,zg9k6anjx6
34,mexico
5,svbgctbhhr
10,accounts
0,uganda
5,jquiiovguk
52,drmjzidaer
5,vf6q2q35qh
2,carlomolinainq
10,prempal86
5,gt7d8k13sh
5,vpifp03u8p
52,raokrishna
5,roadtripper7
8,toxa0bexa0at
21,hyperinfectious
10,ya5eekqr64
52,axa0robust
3,england
52,temporarily
21,agentofhonesty
1,qnsks
21,worldbasicincom
3,cgl2019
5,da2oxpvxvo
52,l2hfekvjed
52,openculture
6,joe
0,largest
3,clinics
33,ladynationalist
8,anaphylaxis
8,andersonmalgas
5,jalgia0hup
52,rtwmw51s3j
3,causing
10,22000000
3,7748301
5,chamchagiri
33,elochukwuohagi
6,itll
1,krack
10,mentioned
5,prosecuting
3,vinman17
52,leilacohan
6,san
33,administrations
8,warddpatrick
21,mercedesschlapp
6,saw
10,milktruck
8,jimwarren416
16,gets
21,emiliepradichit
1,biden
21,nationalist18
52,fulfillin
0,912497
33,ajoybar53383020
5,vaadivasal
3,flights
8,gogonejohnny
2,ibeingaayushh
144,virt
5,pevendish70
21,moonshotcaller
39,spokesperson
6,boys
0,pswdrmzh
34,denver
6,nazi
5,qsvjjxwsq9
6,sch
21,taniyakundu11
5,announcemen
3,pickton
2,impcompetance
6,bbc
10,auldtimer
16,reva
2,charlesppierce
0,godmade
3,covid19
3,symptoms
10,11602056
34,plans
8,zamirmohyedin
52,tracybeanz
52,covishield
21,anitaoakville
3,standby
52,rw76rqxwbf
0,facing
10,xtzgq13esm
0,proven
0,skerritr
3,ministers
16,sec
5,containment
2,bijlanirajesh
34,offered
10,quickness
2,gkuhlenschmidt
2,norbartelakes
33,instrumentalization
3,compared
0,seafood
3,dogging
0,fastest
0,joined
6,jobs
6,words
5,1qh0vylhsx
1,thrombo
3,coribush
1,awesome
6,kred
5,yyy7l5kslg
5,lchjxsxtcx
3,petition
33,brittsliladvice
5,mishgtswia
6,vacc
5,hiwhuibuf1
10,shrinkage
3,nbacares
52,ugpcycarpt
52,8lnnaalhmh
0,shoute
0,ldmn53
8,mrbrownsauce
0,covexit
10,developed
52,panicking
1,v97hj
6,welsh
8,bajajsanjiv
8,iamgmjohnson
21,manogyaloiwal
33,kakoligdastidar
8,everestpipkin
10,bidenplan
0,useless
0,france
3,cdnpoli
10,erc20news
3,ladyboy
5,boug5q9uag
2,dipkumardey11
3,convoys
2,immunization
3,negnance
6,helps
5,vishalk891
5,alicegwells
52,aubreyhuff
2,nevergiveup072
0,booked
3,maryland
10,divorcing
0,100000
1,fauci
52,andxa0our
0,getting
5,eppca9s8js
0,sourced
3,suryahsg
10,djloonyo
52,nle7qx58u4
6,settl
10,fulfilli
3,undermined
52,c3vixrp62t
21,daytonastadium
34,wearing
1,false
81,roosevelt
21,robertkennedyjr
0,316694
10,minchins
5,helenprejean
0,6aesharam
10,onpointmp
3,pagamber
8,tomselliotts
52,frustrated
10,thankful
5,songwriting
6,bio
3,nations
3,saludsv
3,antivax
21,davidschneider
6,997
6,999
52,sidhamemer
5,urgirlblair
52,satisfied
6,bjp
52,theidsmiths
3,paperhaus
10,hasenfratz
52,iuhmg60zig
10,keirstarmer
6,ww11
6,john
52,aadeshrawal
5,vaj4wjvuse
3,nhsnewey
5,recommending
0,456942
3,brought
6,227k
5,kihyunbread
1,emerged
8,rifatjawaid
53,theres
5,bjsshdy5xd
21,vaccinexa0remark
0,december
1,sprogs
3,guardian
34,urgent
3,programme
1,italy
5,huu9jwilqg
52,qsxzbrjhnz
52,msmmonitor
1,offli
52,reubenoroko
6,cleric
52,ywlduzexvh
8,queersocialism
52,2a8pufmlrx
52,se3lhs87ds
52,xa6mcbtp7e
0,missed
69,thekouk
8,brendalarvizu
5,conspiracism
52,tm3ogmmjb0
52,vijaywada
0,454306
5,facilities
1,farukh
6,theirs
52,igulfyouu
2,rsylvestertimes
52,eqevplo0pe
10,oietjdirvw
1,posts
6,icymi
52,tanjoolee
0,stands
1,reuters
52,mutations
52,sviatlana
5,contagious
53,sou
3,reviewed
1,poste
5,dpnx5vdhzv
5,administered
69,petroleum
1,modis
5,gqddx8fiov
6,kano
5,3bzdpxkuc1
5,jqjz1tfyol
5,restrictions
21,yesimsarahjones
33,sputnikvaccine
52,jpjrv1uk8h
0,152948
10,9m4k6tjv
6,worke
8,sirpeterhendy
3,focused
1,cidww
6,crore
2,announcements
5,massgovernor
0,parents
10,kentvarian
1,dozens
33,iwillgetvaccinated
52,okpryhej4y
5,x0wqouogtz
2,bjpmaheshreddy
5,comedians4u
5,ngyifp7tzi
52,o2s7rqyqtg
21,rociotmartinez
52,rgfwbwrudn
52,pvnwr0aixq
5,billionaire
6,beggy
52,digbykale
52,8jxyw7wr4x
39,sfdirewolf
5,coronavirus
21,margiebmatthews
5,basementcon
52,shootsie03
33,ssccgl19t3resultdate
6,100
52,qu9npggrxd
21,ussharrystruman
52,xgwbc6hmk9
1,backs
21,aachaaryasahil
6,kass
0,coherent
1,stood
1,95452
39,superbowllv
1,putin
6,117
52,hyz5cgrfn9
10,efanifor
21,milliganreports
52,z6pacesnfu
1,trends
52,dhscgovuk
5,andrewhclark
6,sta
5,tyj1apgif2
10,australia
1,asthma
0,tumkur
1,ctvw5
10,requested
33,presidentxa0will
0,doctors
2,independentsa
6,129
1,15314
5,ltgyxouuen
34,autumn
5,conditions
69,lessons
21,tsihanouskaya
1,wiped
52,todayshow
21,noplaceforsheep
10,wearemanyeu
52,sidramatics
52,unconstrai
10,caregivers
6,135
3,managed
0,erinsk8
3,joebiden
10,johnsons
3,stopped
52,scotlands
5,b3bjc3zgq6
1,makes
1,loads
10,sponsored
16,dept
0,beloved
6,140
6,bua
52,mainerower2
34,silenc
3,handled
53,amit
2,earringdealer
52,lpct4zeyoj
6,kh9
52,ppqnyekt9f
10,ykvboe9hmz
52,deniseforar
8,sanjaypinto
52,pzpekitaby
6,setan
21,smokingskills
5,c5yt1shhlu
1,realer
5,c3tbopp48i
16,zero
5,albertothomas
69,variant
0,414211
52,kochbihar
6,loris
52,dikkrapoey
0,taiwan
52,fo6cbrbxlc
10,headlines
0,gallup
10,counties
1,higher
2,nationalpost
1,doing
0,figures
69,adults
144,15m
3,prguy17
144,kim
10,snapchat
0,llymlrs
33,carienduplessis
3,backing
6,vaxx
1,guidi
69,corrupt
2,liamvstheworld
3,hazecals
81,passports
52,danlinden
39,h13jyjrj34
0,n244tn
10,minicons
3,mikekatz
5,tzhbztzgul
3,vaccina
10,chomuwale
5,xj654kyoxw
52,ftamqcrybq
6,ones
52,bangladesh
10,vume3whymf
52,sprrwrcrqi
5,rg1sq46ioo
1,wwfpmo
10,housekeep
0,streets
1,tested
6,193
3,hesitant
1,manjri
21,iradhikagupta
5,physicians
3,children
5,kohlimyjaan
2,massachusetts
1,ackman
8,keitholbermann
33,trishgreenhalgh
10,antibody
33,anandsi80252073
0,lending
52,retukbf8ip
0,steinar
5,kqwj3lnw3j
8,wholesomememe
10,ph1lmurph
10,redjules4
5,eyvdi0ddlb
8,raowlgandhi
1,drivers
21,muzaffrhussain
52,thebr0keb0i
0,racing
52,lookalike
8,kromexstylez
5,giobhzx5ln
5,imx3g1s4gf
5,announcing
1,seeing
3,blocked
5,sreenivasan
52,trumptapes
8,jamiewithorne
52,shirleymush
0,informed
34,bigger
10,hesitancy
33,bussltchallenge
5,j35kj4idpd
3,unlawyer
5,ibkyd1zk6p
3,breading
33,paddingtonfake
10,govmurphy
21,piercepenniless
2,multivitamins
6,queue
5,zqxl07snaj
69,voetsek
52,filibuster
6,utter
5,torontostar
8,perspicacious
52,grahamneary
1,leaders
5,8gf6clabgy
21,monicagandhi9
8,rgsheadmaster
1,utterly
33,mbuyisenindlozi
33,tapashk99220922
5,kmghiccf7j
1,sapna
6,sage
69,officers
10,earthagae
6,goes
3,patients
5,vxahaka0pa
0,covidr
52,mbui7rngd2
10,deliveries
1,kopid
1,ranks
34,mfana
53,interim
5,x9dp5zv8bo
2,joshuabblack
69,glitter
52,mayorbroome
21,littlemissrebel
6,caa
5,reoublicans
0,covering
1,balls
5,t6n4zii6pw
10,zubymusic
8,policexa0say
0,llw902
52,covidiots
52,disobeying
21,shivamshankars
3,studies
6,said
0,carried
8,manufacturers
6,cbc
34,qjrftb
0,february
1,thewire
5,arksl8q4dg
10,efficacy
5,y01puwvwab
1,zeneca
3,ramasamy
5,iqyci8qzep
33,coronavirusxa0varia
0,racist
5,jnjf3xg6fx
