covid,9293,10152,10152,10152,10152,10152,10152,10152,10152,10152
pfizer,1765,1198,1198,1198,1198,1198,1198,1198,1198,1198
astrazeneca,1695,849,849,849,849,849,849,849,849,849
moderna,963,1189,1189,1189,1189,1189,1189,1189,1189,1189
scotland,862,415,415,415,415,415,415,415,415,415
fuasawlsxn,569,399,399,399,399,399,399,399,399,399
sputnik,537,221,221,221,221,221,221,221,221,221
covax,500,681,681,681,681,681,681,681,681,681
biden,485,412,412,412,412,412,412,412,412,412
hancock,412,42,42,42,42,42,42,42,42,42
russian,393,117,117,117,117,117,117,117,117,117
israel,334,433,433,433,433,433,433,433,433,433
novavax,328,149,149,149,149,149,149,149,149,149
china,313,199,199,199,199,199,199,199,199,199
latest,299,303,303,303,303,303,303,303,303,303
thelancet,260,28,28,28,28,28,28,28,28,28
vacci,215,206,206,206,206,206,206,206,206,206
lockdown,212,326,326,326,326,326,326,326,326,326
pakistan,206,108,108,108,108,108,108,108,108,108
africa,191,170,170,170,170,170,170,170,170,170
alexberenson,188,272,272,272,272,272,272,272,272,272
corona,182,105,105,105,105,105,105,105,105,105
outbreak,163,38,38,38,38,38,38,38,38,38
fauci,163,272,272,272,272,272,272,272,272,272
infect,161,91,91,91,91,91,91,91,91,91
sputnikv,159,49,49,49,49,49,49,49,49,49
polio,155,78,78,78,78,78,78,78,78,78
canadian,152,66,66,66,66,66,66,66,66,66
davidson,137,13,13,13,13,13,13,13,13,13
oregon,135,86,86,86,86,86,86,86,86,86
cdcdirector,130,89,89,89,89,89,89,89,89,89
reopen,126,420,420,420,420,420,420,420,420,420
french,120,93,93,93,93,93,93,93,93,93
juliahb1,119,69,69,69,69,69,69,69,69,69
scottish,118,115,115,115,115,115,115,115,115,115
taken,116,261,261,261,261,261,261,261,261,261
brexit,113,115,115,115,115,115,115,115,115,115
america,112,260,260,260,260,260,260,260,260,260
aslavitt46,105,65,65,65,65,65,65,65,65,65
harper,102,67,67,67,67,67,67,67,67,67
oakland,101,32,32,32,32,32,32,32,32,32
jburnmurdoch,98,99,99,99,99,99,99,99,99,99
reckless,97,22,22,22,22,22,22,22,22,22
lowest,96,117,117,117,117,117,117,117,117,117
women,91,148,148,148,148,148,148,148,148,148
parliament,90,27,27,27,27,27,27,27,27,27
breesanna,90,12,12,12,12,12,12,12,12,12
higher,89,79,79,79,79,79,79,79,79,79
australia,88,186,186,186,186,186,186,186,186,186
gonna,86,100,100,100,100,100,100,100,100,100
wrote,82,54,54,54,54,54,54,54,54,54
thesnp,80,48,48,48,48,48,48,48,48,48
propaganda,78,47,47,47,47,47,47,47,47,47
pasco,75,55,55,55,55,55,55,55,55,55
email,74,67,67,67,67,67,67,67,67,67
starmer,73,86,86,86,86,86,86,86,86,86
admin,68,49,49,49,49,49,49,49,49,49
davidkurten,68,60,60,60,60,60,60,60,60,60
zeneca,68,53,53,53,53,53,53,53,53,53
andrew,66,51,51,51,51,51,51,51,51,51
rihanna,64,12,12,12,12,12,12,12,12,12
gibraltar,63,13,13,13,13,13,13,13,13,13
urgent,62,63,63,63,63,63,63,63,63,63
erictopol,59,54,54,54,54,54,54,54,54,54
bronx,58,291,291,291,291,291,291,291,291,291
msnbc,56,78,78,78,78,78,78,78,78,78
donkamion78,56,56,56,56,56,56,56,56,56,56
david,55,41,41,41,41,41,41,41,41,41
sarscov2,55,19,19,19,19,19,19,19,19,19
cagovernor,55,18,18,18,18,18,18,18,18,18
palestinian,54,34,34,34,34,34,34,34,34,34
poorer,53,74,74,74,74,74,74,74,74,74
spanish,50,19,19,19,19,19,19,19,19,19
spoke,48,49,49,49,49,49,49,49,49,49
apartheid,48,36,36,36,36,36,36,36,36,36
swiss,47,48,48,48,48,48,48,48,48,48
rates,46,75,75,75,75,75,75,75,75,75
talkradio,46,68,68,68,68,68,68,68,68,68
vaxxer,44,31,31,31,31,31,31,31,31,31
vaccinatio,43,41,41,41,41,41,41,41,41,41
vaccinat,43,42,42,42,42,42,42,42,42,42
sluggish,42,40,40,40,40,40,40,40,40,40
pritipatel,41,23,23,23,23,23,23,23,23,23
vaxart,40,29,29,29,29,29,29,29,29,29
inject,40,31,31,31,31,31,31,31,31,31
carolina,39,15,15,15,15,15,15,15,15,15
bullshit,38,47,47,47,47,47,47,47,47,47
bigpharma,38,15,15,15,15,15,15,15,15,15
nhsuk,37,71,71,71,71,71,71,71,71,71
greatreset,37,42,42,42,42,42,42,42,42,42
albomp,36,37,37,37,37,37,37,37,37,37
theeconomist,36,34,34,34,34,34,34,34,34,34
japan,35,48,48,48,48,48,48,48,48,48
sweden,35,80,80,80,80,80,80,80,80,80
caution,35,15,15,15,15,15,15,15,15,15
idiot,35,37,37,37,37,37,37,37,37,37
products,33,0,0,0,0,0,0,0,0,0
scott,33,82,82,82,82,82,82,82,82,82
wanna,32,28,28,28,28,28,28,28,28,28
pmoindia,32,24,24,24,24,24,24,24,24,24
piersmorgan,31,12,12,12,12,12,12,12,12,12
denmark,30,60,60,60,60,60,60,60,60,60
easier,30,80,80,80,80,80,80,80,80,80
smallpox,30,26,26,26,26,26,26,26,26,26
sooner,30,19,19,19,19,19,19,19,19,19
thats,29,71,71,71,71,71,71,71,71,71
geoffreyyork,29,85,85,85,85,85,85,85,85,85
dashboard,29,12,12,12,12,12,12,12,12,12
washington,29,31,31,31,31,31,31,31,31,31
zerocovid,28,8,8,8,8,8,8,8,8,8
prguy17,28,0,0,0,0,0,0,0,0,0
built,27,19,19,19,19,19,19,19,19,19
chose,27,54,54,54,54,54,54,54,54,54
gotta,27,37,37,37,37,37,37,37,37,37
dubsndoo,27,40,40,40,40,40,40,40,40,40
batch,26,62,62,62,62,62,62,62,62,62
cansino,26,6,6,6,6,6,6,6,6,6
torontostar,26,21,21,21,21,21,21,21,21,21
spike,25,18,18,18,18,18,18,18,18,18
forgotten,24,13,13,13,13,13,13,13,13,13
politico,24,26,26,26,26,26,26,26,26,26
michigan,24,13,13,13,13,13,13,13,13,13
influenza,22,24,24,24,24,24,24,24,24,24
bbcworld,22,3,3,3,3,3,3,3,3,3
irish,22,24,24,24,24,24,24,24,24,24
georgia,21,18,18,18,18,18,18,18,18,18
qanon,20,22,22,22,22,22,22,22,22,22
ishatreza,20,54,54,54,54,54,54,54,54,54
b52malmet,19,30,30,30,30,30,30,30,30,30
outreach,18,8,8,8,8,8,8,8,8,8
dailymailuk,18,83,83,83,83,83,83,83,83,83
pentagon,18,5,5,5,5,5,5,5,5,5
bigger,18,12,12,12,12,12,12,12,12,12
going,17,11,11,11,11,11,11,11,11,11
slower,17,44,44,44,44,44,44,44,44,44
drove,17,9,9,9,9,9,9,9,9,9
thrown,17,24,24,24,24,24,24,24,24,24
massgovernor,17,29,29,29,29,29,29,29,29,29
autism,16,20,20,20,20,20,20,20,20,20
stuck,16,17,17,17,17,17,17,17,17,17
didnt,16,10,10,10,10,10,10,10,10,10
peterhotez,16,27,27,27,27,27,27,27,27,27
anand,15,26,26,26,26,26,26,26,26,26
fatemperor,15,38,38,38,38,38,38,38,38,38
tanzania,15,16,16,16,16,16,16,16,16,16
nycmayor,14,6,6,6,6,6,6,6,6,6
santa,14,16,16,16,16,16,16,16,16,16
chadox1,14,2,2,2,2,2,2,2,2,2
putin,14,16,16,16,16,16,16,16,16,16
bharat,13,16,16,16,16,16,16,16,16,16
kizzyphd,13,6,6,6,6,6,6,6,6,6
microchip,13,24,24,24,24,24,24,24,24,24
ajenglish,13,11,11,11,11,11,11,11,11,11
singh,13,7,7,7,7,7,7,7,7,7
themood2020,13,14,14,14,14,14,14,14,14,14
spokesperson,13,8,8,8,8,8,8,8,8,8
corbyn,12,205,205,205,205,205,205,205,205,205
shots,10,9,9,9,9,9,9,9,9,9
vaccineswork,10,27,27,27,27,27,27,27,27,27
behaviour,10,6,6,6,6,6,6,6,6,6
kylegriffin1,9,15,15,15,15,15,15,15,15,15
instagram,9,3,3,3,3,3,3,3,3,3
meidastouch,9,175,175,175,175,175,175,175,175,175
exsecular,9,1,1,1,1,1,1,1,1,1
vaccines,9,13,13,13,13,13,13,13,13,13
doing,9,15,15,15,15,15,15,15,15,15
therecount,8,1,1,1,1,1,1,1,1,1
kroger,8,10,10,10,10,10,10,10,10,10
asthma,8,9,9,9,9,9,9,9,9,9
trudeaus,7,3,3,3,3,3,3,3,3,3
manitoba,7,5,5,5,5,5,5,5,5,5
masks,7,11,11,11,11,11,11,11,11,11
stole,7,25,25,25,25,25,25,25,25,25
snapchat,7,3,3,3,3,3,3,3,3,3
vaccinated,6,29,29,29,29,29,29,29,29,29
doesnt,6,8,8,8,8,8,8,8,8,8
needed,6,5,5,5,5,5,5,5,5,5
newsmax,6,3,3,3,3,3,3,3,3,3
malaysia,6,6,6,6,6,6,6,6,6,6
kbeanie93,6,2,2,2,2,2,2,2,2,2
js100js100,5,6,6,6,6,6,6,6,6,6
worlds,5,4,4,4,4,4,4,4,4,4
sites,5,11,11,11,11,11,11,11,11,11
stevebakerhw,5,20,20,20,20,20,20,20,20,20
minut,5,3,3,3,3,3,3,3,3,3
censorship,5,5,5,5,5,5,5,5,5,5
cases,5,7,7,7,7,7,7,7,7,7
chile,5,5,5,5,5,5,5,5,5,5
greghuntmp,5,116,116,116,116,116,116,116,116,116
tedcruz,5,200,200,200,200,200,200,200,200,200
zeynep,5,3,3,3,3,3,3,3,3,3
homes,4,4,4,4,4,4,4,4,4,4
nadhim,4,65,65,65,65,65,65,65,65,65
wikipedia,4,2,2,2,2,2,2,2,2,2
whats,4,6,6,6,6,6,6,6,6,6
tucker,4,12,12,12,12,12,12,12,12,12
rempel,4,27,27,27,27,27,27,27,27,27
russias,4,0,0,0,0,0,0,0,0,0
venezuela,4,2,2,2,2,2,2,2,2,2
havent,3,2,2,2,2,2,2,2,2,2
breaking911,3,23,23,23,23,23,23,23,23,23
shouldnt,3,2,2,2,2,2,2,2,2,2
citifield,3,0,0,0,0,0,0,0,0,0
talking,3,1,1,1,1,1,1,1,1,1
exempt,3,6,6,6,6,6,6,6,6,6
johnsons,3,10,10,10,10,10,10,10,10,10
asked,2,5,5,5,5,5,5,5,5,5
globally,2,1,1,1,1,1,1,1,1,1
zuckerberg,2,0,0,0,0,0,0,0,0,0
beschlossdc,2,1,1,1,1,1,1,1,1,1
helped,2,6,6,6,6,6,6,6,6,6
blunt,2,13,13,13,13,13,13,13,13,13
takes,2,1,1,1,1,1,1,1,1,1
watched,2,0,0,0,0,0,0,0,0,0
maddowblog,2,5,5,5,5,5,5,5,5,5
tested,2,1,1,1,1,1,1,1,1,1
theorists,1,0,0,0,0,0,0,0,0,0
approved,1,0,0,0,0,0,0,0,0,0
bringing,1,1,1,1,1,1,1,1,1,1
20000,1,1,1,1,1,1,1,1,1,1
wasnt,1,2,2,2,2,2,2,2,2,2
experts,1,3,3,3,3,3,3,3,3,3
pfizers,1,1,1,1,1,1,1,1,1,1
shipments,1,0,0,0,0,0,0,0,0,0
happening,1,0,0,0,0,0,0,0,0,0
10000,1,1,1,1,1,1,1,1,1,1
lives,1,3,3,3,3,3,3,3,3,3
couldnt,1,0,0,0,0,0,0,0,0,0
masking,1,0,0,0,0,0,0,0,0,0
behold,1,2,2,2,2,2,2,2,2,2
looks,1,3,3,3,3,3,3,3,3,3
events,1,1,1,1,1,1,1,1,1,1
checks,1,7,7,7,7,7,7,7,7,7
posting,1,0,0,0,0,0,0,0,0,0
millions,1,0,0,0,0,0,0,0,0,0
calls,1,3,3,3,3,3,3,3,3,3
dropped,1,0,0,0,0,0,0,0,0,0
explains,1,0,0,0,0,0,0,0,0,0
novavaxs,1,1,1,1,1,1,1,1,1,1
citizens,1,0,0,0,0,0,0,0,0,0
contracts,1,1,1,1,1,1,1,1,1,1
nkandla,1,0,0,0,0,0,0,0,0,0
senduckworth,1,69,69,69,69,69,69,69,69,69
mentioned,1,0,0,0,0,0,0,0,0,0
denver,1,4,4,4,4,4,4,4,4,4
offered,1,2,2,2,2,2,2,2,2,2
thankful,1,0,0,0,0,0,0,0,0,0
alivelshi,1,1,1,1,1,1,1,1,1,1
doctorlfc,1,1,1,1,1,1,1,1,1,1
makes,1,1,1,1,1,1,1,1,1,1
withdraws,0,0,0,0,0,0,0,0,0,0
spontaneous,0,0,0,0,0,0,0,0,0,0
o439stufwn,0,0,0,0,0,0,0,0,0,0
spreading,0,0,0,0,0,0,0,0,0,0
60916,0,0,0,0,0,0,0,0,0,0
maxcroser,0,0,0,0,0,0,0,0,0,0
standards,0,0,0,0,0,0,0,0,0,0
diplomacy,0,0,0,0,0,0,0,0,0,0
bogus,0,0,0,0,0,0,0,0,0,0
minds,0,0,0,0,0,0,0,0,0,0
characteri,0,0,0,0,0,0,0,0,0,0
abhishbanerj,0,0,0,0,0,0,0,0,0,0
ordered,0,0,0,0,0,0,0,0,0,0
ovzthlijrm,0,0,0,0,0,0,0,0,0,0
2oodnddvzr,0,0,0,0,0,0,0,0,0,0
australians,0,1,1,1,1,1,1,1,1,1
dig1v9qduy,0,0,0,0,0,0,0,0,0,0
predicted,0,0,0,0,0,0,0,0,0,0
delivering,0,0,0,0,0,0,0,0,0,0
asanilta,0,0,0,0,0,0,0,0,0,0
relatives,0,0,0,0,0,0,0,0,0,0
willbooker32,0,0,0,0,0,0,0,0,0,0
krismeloche,0,0,0,0,0,0,0,0,0,0
reopening,0,6,6,6,6,6,6,6,6,6
yeobeeyin,0,0,0,0,0,0,0,0,0,0
mkainerugaba,0,0,0,0,0,0,0,0,0,0
mpsomerstein,0,8,8,8,8,8,8,8,8,8
expanded,0,0,0,0,0,0,0,0,0,0
provides,0,0,0,0,0,0,0,0,0,0
panos101,0,0,0,0,0,0,0,0,0,0
garethrose,0,0,0,0,0,0,0,0,0,0
mpbai42goz,0,0,0,0,0,0,0,0,0,0
ru7xusquk9,0,0,0,0,0,0,0,0,0,0
shielding,0,0,0,0,0,0,0,0,0,0
handling,0,0,0,0,0,0,0,0,0,0
gains,0,0,0,0,0,0,0,0,0,0
foramerica,0,0,0,0,0,0,0,0,0,0
mutation,0,0,0,0,0,0,0,0,0,0
battlecorgig,0,0,0,0,0,0,0,0,0,0
mandatory,0,0,0,0,0,0,0,0,0,0
shutting,0,0,0,0,0,0,0,0,0,0
statewide,0,0,0,0,0,0,0,0,0,0
drugs,0,0,0,0,0,0,0,0,0,0
pepisouthern,0,0,0,0,0,0,0,0,0,0
communities,0,0,0,0,0,0,0,0,0,0
findings,0,0,0,0,0,0,0,0,0,0
catech,0,0,0,0,0,0,0,0,0,0
karanthapar,0,0,0,0,0,0,0,0,0,0
introducing,0,0,0,0,0,0,0,0,0,0
wales,0,0,0,0,0,0,0,0,0,0
ckwglajou4,0,0,0,0,0,0,0,0,0,0
3rbwycd0qi,0,0,0,0,0,0,0,0,0,0
tahirqadiry,0,0,0,0,0,0,0,0,0,0
m2xjahwjdr,0,0,0,0,0,0,0,0,0,0
appts,0,0,0,0,0,0,0,0,0,0
stats,0,0,0,0,0,0,0,0,0,0
tonal,0,0,0,0,0,0,0,0,0,0
gokal,0,0,0,0,0,0,0,0,0,0
jamesabrenio,0,0,0,0,0,0,0,0,0,0
o01fyfyxny,0,0,0,0,0,0,0,0,0,0
mdub2829,0,0,0,0,0,0,0,0,0,0
leifermd,0,0,0,0,0,0,0,0,0,0
holidays,0,0,0,0,0,0,0,0,0,0
volunteering,0,0,0,0,0,0,0,0,0,0
x9gfckglzh,0,0,0,0,0,0,0,0,0,0
starts,0,1,1,1,1,1,1,1,1,1
nurses,0,0,0,0,0,0,0,0,0,0
shops,0,0,0,0,0,0,0,0,0,0
nipah,0,0,0,0,0,0,0,0,0,0
resistant,0,0,0,0,0,0,0,0,0,0
farmers,0,0,0,0,0,0,0,0,0,0
noconversion,0,0,0,0,0,0,0,0,0,0
bun5zhhh0s,0,0,0,0,0,0,0,0,0,0
klans,0,0,0,0,0,0,0,0,0,0
georgehahn,0,1,1,1,1,1,1,1,1,1
symptomatic,0,0,0,0,0,0,0,0,0,0
asicmedia,0,0,0,0,0,0,0,0,0,0
dolly,0,0,0,0,0,0,0,0,0,0
hsdf7ouo5h,0,0,0,0,0,0,0,0,0,0
caine,0,0,0,0,0,0,0,0,0,0
4x5u8pix1z,0,0,0,0,0,0,0,0,0,0
96862,0,0,0,0,0,0,0,0,0,0
launched,0,0,0,0,0,0,0,0,0,0
pierced,0,0,0,0,0,0,0,0,0,0
2rdv483jto,0,0,0,0,0,0,0,0,0,0
residents,0,0,0,0,0,0,0,0,0,0
launches,0,0,0,0,0,0,0,0,0,0
ketvlincoln,0,0,0,0,0,0,0,0,0,0
bhogleharsha,0,0,0,0,0,0,0,0,0,0
dekmw6zhvm,0,0,0,0,0,0,0,0,0,0
bitchute,0,0,0,0,0,0,0,0,0,0
stunning,0,0,0,0,0,0,0,0,0,0
finds,0,0,0,0,0,0,0,0,0,0
accepting,0,0,0,0,0,0,0,0,0,0
disparities,0,0,0,0,0,0,0,0,0,0
pex0rtp,0,0,0,0,0,0,0,0,0,0
khlwulg5f0,0,0,0,0,0,0,0,0,0,0
substandard,0,1,1,1,1,1,1,1,1,1
profoundly,0,0,0,0,0,0,0,0,0,0
walgreens,0,0,0,0,0,0,0,0,0,0
whove,0,0,0,0,0,0,0,0,0,0
wednesday,0,0,0,0,0,0,0,0,0,0
dhdtkkt5ef,0,0,0,0,0,0,0,0,0,0
rollouts,0,0,0,0,0,0,0,0,0,0
sonicfox,0,0,0,0,0,0,0,0,0,0
tweets,0,1,1,1,1,1,1,1,1,1
shifting,0,0,0,0,0,0,0,0,0,0
kel25d8yvm,0,0,0,0,0,0,0,0,0,0
cpchq,0,0,0,0,0,0,0,0,0,0
ckmkb,0,0,0,0,0,0,0,0,0,0
alangrayson,0,0,0,0,0,0,0,0,0,0
ac57b8gzwf,0,0,0,0,0,0,0,0,0,0
amateuradam,0,0,0,0,0,0,0,0,0,0
drericding,0,0,0,0,0,0,0,0,0,0
disgusting,0,0,0,0,0,0,0,0,0,0
billions,0,0,0,0,0,0,0,0,0,0
bjxirmpywb,0,0,0,0,0,0,0,0,0,0
harris,0,0,0,0,0,0,0,0,0,0
mikeb1milehi,0,0,0,0,0,0,0,0,0,0
recommends,0,0,0,0,0,0,0,0,0,0
subfreezing,0,0,0,0,0,0,0,0,0,0
supplies,0,0,0,0,0,0,0,0,0,0
lying,0,0,0,0,0,0,0,0,0,0
punts,0,0,0,0,0,0,0,0,0,0
drzoehyde,0,0,0,0,0,0,0,0,0,0
warned,0,0,0,0,0,0,0,0,0,0
i2mjs974oo,0,0,0,0,0,0,0,0,0,0
aijv9xtun3,0,0,0,0,0,0,0,0,0,0
knows,0,3,3,3,3,3,3,3,3,3
dailycaller,0,0,0,0,0,0,0,0,0,0
myths,0,1,1,1,1,1,1,1,1,1
singapore,0,0,0,0,0,0,0,0,0,0
c6mpwovpvi,0,0,0,0,0,0,0,0,0,0
circulating,0,0,0,0,0,0,0,0,0,0
thsywa9uub,0,0,0,0,0,0,0,0,0,0
surgin,0,0,0,0,0,0,0,0,0,0
hasan,0,0,0,0,0,0,0,0,0,0
includes,0,0,0,0,0,0,0,0,0,0
becomes,0,0,0,0,0,0,0,0,0,0
amulcoop,0,0,0,0,0,0,0,0,0,0
theautismdad,0,0,0,0,0,0,0,0,0,0
louis,0,0,0,0,0,0,0,0,0,0
included,0,0,0,0,0,0,0,0,0,0
lanabelle,0,0,0,0,0,0,0,0,0,0
lso07ivwle,0,0,0,0,0,0,0,0,0,0
jbenmenachem,0,0,0,0,0,0,0,0,0,0
disappearing,0,0,0,0,0,0,0,0,0,0
certificates,0,0,0,0,0,0,0,0,0,0
skerrit,0,0,0,0,0,0,0,0,0,0
shares,0,1,1,1,1,1,1,1,1,1
greece,0,0,0,0,0,0,0,0,0,0
bbgrichie,0,0,0,0,0,0,0,0,0,0
workers,0,3,3,3,3,3,3,3,3,3
trumpbegged,0,0,0,0,0,0,0,0,0,0
yahuhgz6yf,0,0,0,0,0,0,0,0,0,0
hv21rvymti,0,0,0,0,0,0,0,0,0,0
holds,0,0,0,0,0,0,0,0,0,0
forced,0,0,0,0,0,0,0,0,0,0
dropping,0,0,0,0,0,0,0,0,0,0
achieving,0,0,0,0,0,0,0,0,0,0
forces,0,0,0,0,0,0,0,0,0,0
secured,0,0,0,0,0,0,0,0,0,0
prwvuqta9f,0,0,0,0,0,0,0,0,0,0
sawaayama,0,0,0,0,0,0,0,0,0,0
vruenj,0,0,0,0,0,0,0,0,0,0
leaing,0,0,0,0,0,0,0,0,0,0
logistical,0,0,0,0,0,0,0,0,0,0
workforce,0,0,0,0,0,0,0,0,0,0
delays,0,0,0,0,0,0,0,0,0,0
uuyli5vz1q,0,0,0,0,0,0,0,0,0,0
registration,0,0,0,0,0,0,0,0,0,0
qanda,0,3,3,3,3,3,3,3,3,3
xa0requests,0,0,0,0,0,0,0,0,0,0
europe,0,0,0,0,0,0,0,0,0,0
mdq5jagnvy,0,0,0,0,0,0,0,0,0,0
expecting,0,0,0,0,0,0,0,0,0,0
sdaxxu72b2,0,0,0,0,0,0,0,0,0,0
rodham,0,0,0,0,0,0,0,0,0,0
lwdhphdn5r,0,0,0,0,0,0,0,0,0,0
talks,0,1,1,1,1,1,1,1,1,1
dylanbyers,0,0,0,0,0,0,0,0,0,0
ineffective,0,0,0,0,0,0,0,0,0,0
hands,0,1,1,1,1,1,1,1,1,1
saved,0,0,0,0,0,0,0,0,0,0
hiiipowers,0,0,0,0,0,0,0,0,0,0
tlovechild2,0,0,0,0,0,0,0,0,0,0
1vw2chtcz8,0,0,0,0,0,0,0,0,0,0
agreed,0,0,0,0,0,0,0,0,0,0
rosaline,0,0,0,0,0,0,0,0,0,0
communism,0,0,0,0,0,0,0,0,0,0
notes,0,0,0,0,0,0,0,0,0,0
anacabrera,0,5,5,5,5,5,5,5,5,5
pinup,0,0,0,0,0,0,0,0,0,0
centralvista,0,0,0,0,0,0,0,0,0,0
roles,0,0,0,0,0,0,0,0,0,0
olwe2lesh,0,0,0,0,0,0,0,0,0,0
hillemans,0,0,0,0,0,0,0,0,0,0
gates,0,0,0,0,0,0,0,0,0,0
drkateflavs,0,0,0,0,0,0,0,0,0,0
lines,0,2,2,2,2,2,2,2,2,2
fails,0,0,0,0,0,0,0,0,0,0
lxc5usv23c,0,0,0,0,0,0,0,0,0,0
42419,0,0,0,0,0,0,0,0,0,0
handofglory,0,0,0,0,0,0,0,0,0,0
tries,0,0,0,0,0,0,0,0,0,0
kathrynvarn,0,0,0,0,0,0,0,0,0,0
onhismark,0,0,0,0,0,0,0,0,0,0
tried,0,0,0,0,0,0,0,0,0,0
1000s,0,0,0,0,0,0,0,0,0,0
zwebrifyug,0,0,0,0,0,0,0,0,0,0
ooiaujxgcc,0,0,0,0,0,0,0,0,0,0
kn9zauou5q,0,0,0,0,0,0,0,0,0,0
deployment,0,0,0,0,0,0,0,0,0,0
bihar,0,1,1,1,1,1,1,1,1,1
stores,0,0,0,0,0,0,0,0,0,0
13993,0,0,0,0,0,0,0,0,0,0
mohitksr,0,0,0,0,0,0,0,0,0,0
links,0,4,4,4,4,4,4,4,4,4
catching,0,0,0,0,0,0,0,0,0,0
kcisqosfxv,0,0,0,0,0,0,0,0,0,0
jnthyavqxh,0,0,0,0,0,0,0,0,0,0
golde,0,0,0,0,0,0,0,0,0,0
imgrandsure,0,0,0,0,0,0,0,0,0,0
benshapiro,0,220,220,220,220,220,220,220,220,220
axios,0,0,0,0,0,0,0,0,0,0
queens,0,0,0,0,0,0,0,0,0,0
vqxokzbahv,0,0,0,0,0,0,0,0,0,0
matthew4trump,0,0,0,0,0,0,0,0,0,0
countries,0,0,0,0,0,0,0,0,0,0
clydehaberman,0,0,0,0,0,0,0,0,0,0
journalists,0,0,0,0,0,0,0,0,0,0
centres,0,0,0,0,0,0,0,0,0,0
bhaksala,0,0,0,0,0,0,0,0,0,0
supported,0,0,0,0,0,0,0,0,0,0
documents,0,0,0,0,0,0,0,0,0,0
genuinely,0,0,0,0,0,0,0,0,0,0
9p5eqhz6m2,0,0,0,0,0,0,0,0,0,0
destroying,0,0,0,0,0,0,0,0,0,0
50000,0,0,0,0,0,0,0,0,0,0
ignorance,0,0,0,0,0,0,0,0,0,0
hisham,0,348,348,348,348,348,348,348,348,348
drops,0,0,0,0,0,0,0,0,0,0
keshawnrants,0,0,0,0,0,0,0,0,0,0
lived,0,0,0,0,0,0,0,0,0,0
thoughts,0,0,0,0,0,0,0,0,0,0
e29chvckui,0,0,0,0,0,0,0,0,0,0
shortages,0,0,0,0,0,0,0,0,0,0
hariaisfc,0,0,0,0,0,0,0,0,0,0
excluded,0,0,0,0,0,0,0,0,0,0
qzodea7rqd,0,0,0,0,0,0,0,0,0,0
tb6dtgo2wt,0,0,0,0,0,0,0,0,0,0
prioritized,0,0,0,0,0,0,0,0,0,0
ngznh77rrm,0,0,0,0,0,0,0,0,0,0
districts,0,0,0,0,0,0,0,0,0,0
receiving,0,1,1,1,1,1,1,1,1,1
levels,0,0,0,0,0,0,0,0,0,0
gimx0uoqpv,0,0,0,0,0,0,0,0,0,0
presented,0,0,0,0,0,0,0,0,0,0
cusx2wugyy,0,0,0,0,0,0,0,0,0,0
ankitabnsl,0,0,0,0,0,0,0,0,0,0
41983,0,0,0,0,0,0,0,0,0,0
produced,0,0,0,0,0,0,0,0,0,0
explaining,0,0,0,0,0,0,0,0,0,0
itxw2o5pi0,0,0,0,0,0,0,0,0,0,0
maladm,0,0,0,0,0,0,0,0,0,0
73537,0,0,0,0,0,0,0,0,0,0
anonmetpc,0,0,0,0,0,0,0,0,0,0
qpjyvvg6el,0,0,0,0,0,0,0,0,0,0
denied,0,0,0,0,0,0,0,0,0,0
rejoinder,0,0,0,0,0,0,0,0,0,0
promoting,0,0,0,0,0,0,0,0,0,0
brouhaha,0,0,0,0,0,0,0,0,0,0
thirds,0,0,0,0,0,0,0,0,0,0
partnering,0,0,0,0,0,0,0,0,0,0
18000,0,0,0,0,0,0,0,0,0,0
heartbe,0,0,0,0,0,0,0,0,0,0
stephenking,0,0,0,0,0,0,0,0,0,0
hadnt,0,0,0,0,0,0,0,0,0,0
dominica,0,0,0,0,0,0,0,0,0,0
xcpbdw4bnb,0,0,0,0,0,0,0,0,0,0
fosterhood,0,0,0,0,0,0,0,0,0,0
sunilmath83,0,0,0,0,0,0,0,0,0,0
antibodies,0,0,0,0,0,0,0,0,0,0
vials,0,0,0,0,0,0,0,0,0,0
vyqoj3v7vu,0,0,0,0,0,0,0,0,0,0
domes,0,0,0,0,0,0,0,0,0,0
kailashkher,0,0,0,0,0,0,0,0,0,0
gillpringle,0,0,0,0,0,0,0,0,0,0
mistakes,0,0,0,0,0,0,0,0,0,0
watching,0,1,1,1,1,1,1,1,1,1
mayora,0,0,0,0,0,0,0,0,0,0
6hcpznnyts,0,0,0,0,0,0,0,0,0,0
1s9w3alvgb,0,0,0,0,0,0,0,0,0,0
recovering,0,0,0,0,0,0,0,0,0,0
turned,0,0,0,0,0,0,0,0,0,0
wcbuecker,0,0,0,0,0,0,0,0,0,0
bnohtusosl,0,0,0,0,0,0,0,0,0,0
meantim,0,0,0,0,0,0,0,0,0,0
sadly,0,0,0,0,0,0,0,0,0,0
katie,0,0,0,0,0,0,0,0,0,0
fitoopnguv,0,0,0,0,0,0,0,0,0,0
ftxi508sst,0,0,0,0,0,0,0,0,0,0
15418500,0,0,0,0,0,0,0,0,0,0
halts,0,0,0,0,0,0,0,0,0,0
outbreaks,0,0,0,0,0,0,0,0,0,0
psliqd1cq3,0,0,0,0,0,0,0,0,0,0
incompetent,0,0,0,0,0,0,0,0,0,0
leslynlewis,0,0,0,0,0,0,0,0,0,0
sports,0,0,0,0,0,0,0,0,0,0
unfilled,0,0,0,0,0,0,0,0,0,0
families,0,0,0,0,0,0,0,0,0,0
vyapam,0,0,0,0,0,0,0,0,0,0
nowooski,0,0,0,0,0,0,0,0,0,0
remarks,0,0,0,0,0,0,0,0,0,0
kfq9hibzof,0,0,0,0,0,0,0,0,0,0
bgibbles,0,0,0,0,0,0,0,0,0,0
p9zk5ufkse,0,0,0,0,0,0,0,0,0,0
registered,0,0,0,0,0,0,0,0,0,0
mugecevik,0,0,0,0,0,0,0,0,0,0
expiry,0,0,0,0,0,0,0,0,0,0
expire,0,0,0,0,0,0,0,0,0,0
chronically,0,0,0,0,0,0,0,0,0,0
discovered,0,0,0,0,0,0,0,0,0,0
seniors,0,1,1,1,1,1,1,1,1,1
nzclg2z3z6,0,0,0,0,0,0,0,0,0,0
merchant81,0,0,0,0,0,0,0,0,0,0
incarcerated,0,0,0,0,0,0,0,0,0,0
tories,0,0,0,0,0,0,0,0,0,0
wsdlzksjlu,0,0,0,0,0,0,0,0,0,0
wu2xsinpdg,0,0,0,0,0,0,0,0,0,0
joins,0,0,0,0,0,0,0,0,0,0
rules,0,0,0,0,0,0,0,0,0,0
gfvz2lgfj3,0,0,0,0,0,0,0,0,0,0
3n0ivvhg7e,0,0,0,0,0,0,0,0,0,0
bengal,0,2,2,2,2,2,2,2,2,2
yct67yd3sj,0,0,0,0,0,0,0,0,0,0
purchased,0,0,0,0,0,0,0,0,0,0
populace,0,0,0,0,0,0,0,0,0,0
sexa0offered,0,0,0,0,0,0,0,0,0,0
frustrating,0,0,0,0,0,0,0,0,0,0
aebpimxb2g,0,0,0,0,0,0,0,0,0,0
inoculated,0,0,0,0,0,0,0,0,0,0
b1351,0,2,2,2,2,2,2,2,2,2
afrodykee,0,0,0,0,0,0,0,0,0,0
nt4tigypjo,0,0,0,0,0,0,0,0,0,0
e1tivo8zfw,0,0,0,0,0,0,0,0,0,0
kingtsibeko,0,0,0,0,0,0,0,0,0,0
positivity,0,0,0,0,0,0,0,0,0,0
boondoggle,0,0,0,0,0,0,0,0,0,0
gft2vyk7ql,0,0,0,0,0,0,0,0,0,0
julesjester,0,0,0,0,0,0,0,0,0,0
precautions,0,0,0,0,0,0,0,0,0,0
tools,0,0,0,0,0,0,0,0,0,0
h25ahewivm,0,0,0,0,0,0,0,0,0,0
3ov4voftni,0,0,0,0,0,0,0,0,0,0
alway,0,0,0,0,0,0,0,0,0,0
camw5ss5bu,0,0,0,0,0,0,0,0,0,0
kabul,0,1,1,1,1,1,1,1,1,1
h6vxhah9th,0,0,0,0,0,0,0,0,0,0
ended,0,0,0,0,0,0,0,0,0,0
addresses,0,0,0,0,0,0,0,0,0,0
pande,0,0,0,0,0,0,0,0,0,0
xffqp53kkl,0,0,0,0,0,0,0,0,0,0
clinically,0,1,1,1,1,1,1,1,1,1
eminem,0,16,16,16,16,16,16,16,16,16
brits,0,0,0,0,0,0,0,0,0,0
allowing,0,0,0,0,0,0,0,0,0,0
mrtommyland,0,0,0,0,0,0,0,0,0,0
babubasu,0,0,0,0,0,0,0,0,0,0
rajan,0,0,0,0,0,0,0,0,0,0
xywolgxgct,0,0,0,0,0,0,0,0,0,0
rides,0,0,0,0,0,0,0,0,0,0
begins,0,0,0,0,0,0,0,0,0,0
protected,0,0,0,0,0,0,0,0,0,0
slows,0,0,0,0,0,0,0,0,0,0
nachotrades,0,0,0,0,0,0,0,0,0,0
chios,0,0,0,0,0,0,0,0,0,0
volunteers,0,0,0,0,0,0,0,0,0,0
educators,0,0,0,0,0,0,0,0,0,0
marsstarmind,0,0,0,0,0,0,0,0,0,0
kxergszikz,0,0,0,0,0,0,0,0,0,0
editorial,0,0,0,0,0,0,0,0,0,0
tattooed,0,0,0,0,0,0,0,0,0,0
committed,0,0,0,0,0,0,0,0,0,0
faced,0,0,0,0,0,0,0,0,0,0
speaks,0,0,0,0,0,0,0,0,0,0
khulaniqoma,0,0,0,0,0,0,0,0,0,0
faces,0,0,0,0,0,0,0,0,0,0
0230am,0,0,0,0,0,0,0,0,0,0
selfie,0,0,0,0,0,0,0,0,0,0
qasimrashid,0,0,0,0,0,0,0,0,0,0
contributed,0,0,0,0,0,0,0,0,0,0
vsobzhd0yd,0,0,0,0,0,0,0,0,0,0
shtik,0,0,0,0,0,0,0,0,0,0
lg6czbodyr,0,0,0,0,0,0,0,0,0,0
9irl9omyx4,0,0,0,0,0,0,0,0,0,0
slots,0,0,0,0,0,0,0,0,0,0
zzv8qy2s8y,0,0,0,0,0,0,0,0,0,0
claims,0,0,0,0,0,0,0,0,0,0
shocking,0,0,0,0,0,0,0,0,0,0
ramps,0,0,0,0,0,0,0,0,0,0
vaxxers,0,0,0,0,0,0,0,0,0,0
xkk5a9fhe1,0,0,0,0,0,0,0,0,0,0
fchzldvql2,0,0,0,0,0,0,0,0,0,0
medacs,0,0,0,0,0,0,0,0,0,0
considered,0,0,0,0,0,0,0,0,0,0
outn2a0wkz,0,0,0,0,0,0,0,0,0,0
vslalxtavr,0,0,0,0,0,0,0,0,0,0
agearan,0,0,0,0,0,0,0,0,0,0
suspended,0,0,0,0,0,0,0,0,0,0
potshots,0,0,0,0,0,0,0,0,0,0
meghupdates,0,0,0,0,0,0,0,0,0,0
names,0,1,1,1,1,1,1,1,1,1
vufao3w5xu,0,0,0,0,0,0,0,0,0,0
predecessors,0,0,0,0,0,0,0,0,0,0
ynjvjstyho,0,0,0,0,0,0,0,0,0,0
members,0,0,0,0,0,0,0,0,0,0
counting,0,0,0,0,0,0,0,0,0,0
5odkuf1xgn,0,146,146,146,146,146,146,146,146,146
shroff,0,0,0,0,0,0,0,0,0,0
disagrees,0,0,0,0,0,0,0,0,0,0
policies,0,0,0,0,0,0,0,0,0,0
dz4vnghxl4,0,0,0,0,0,0,0,0,0,0
youve,0,0,0,0,0,0,0,0,0,0
webbhk,0,0,0,0,0,0,0,0,0,0
makar,0,0,0,0,0,0,0,0,0,0
followed,0,0,0,0,0,0,0,0,0,0
sahara,0,0,0,0,0,0,0,0,0,0
defeating,0,0,0,0,0,0,0,0,0,0
discussing,0,0,0,0,0,0,0,0,0,0
facts,0,0,0,0,0,0,0,0,0,0
faheemyounus,0,0,0,0,0,0,0,0,0,0
gives,0,1,1,1,1,1,1,1,1,1
benstokes,0,0,0,0,0,0,0,0,0,0
edsbs,0,0,0,0,0,0,0,0,0,0
employees,0,0,0,0,0,0,0,0,0,0
cqkkof9goa,0,0,0,0,0,0,0,0,0,0
86205,0,0,0,0,0,0,0,0,0,0
pharmacies,0,0,0,0,0,0,0,0,0,0
zimbabwe,0,0,0,0,0,0,0,0,0,0
youll,0,0,0,0,0,0,0,0,0,0
yiqknohot0,0,0,0,0,0,0,0,0,0,0
governments,0,0,0,0,0,0,0,0,0,0
stellzpari,0,0,0,0,0,0,0,0,0,0
fqvxo9if,0,0,0,0,0,0,0,0,0,0
questioning,0,0,0,0,0,0,0,0,0,0
disqualify,0,0,0,0,0,0,0,0,0,0
suffers,0,0,0,0,0,0,0,0,0,0
25299,0,0,0,0,0,0,0,0,0,0
ayko6xvgu2,0,0,0,0,0,0,0,0,0,0
mbqj11jvoi,0,0,0,0,0,0,0,0,0,0
sh1tshow,0,0,0,0,0,0,0,0,0,0
funds,0,1,1,1,1,1,1,1,1,1
britains,0,0,0,0,0,0,0,0,0,0
whcos,0,0,0,0,0,0,0,0,0,0
rnksdvgs8g,0,0,0,0,0,0,0,0,0,0
camps,0,0,0,0,0,0,0,0,0,0
kendricklamar,0,0,0,0,0,0,0,0,0,0
gance,0,0,0,0,0,0,0,0,0,0
rohitrj16,0,0,0,0,0,0,0,0,0,0
videos,0,0,0,0,0,0,0,0,0,0
delighted,0,0,0,0,0,0,0,0,0,0
blocking,0,0,0,0,0,0,0,0,0,0
fizzy,0,0,0,0,0,0,0,0,0,0
yaschamounk,0,0,0,0,0,0,0,0,0,0
0anuuiv9ij,0,0,0,0,0,0,0,0,0,0
8f5nzyulfe,0,0,0,0,0,0,0,0,0,0
questions,0,2,2,2,2,2,2,2,2,2
gatherings,0,0,0,0,0,0,0,0,0,0
injecting,0,0,0,0,0,0,0,0,0,0
californias,0,0,0,0,0,0,0,0,0,0
prerequisite,0,0,0,0,0,0,0,0,0,0
z4wcioqyeb,0,0,0,0,0,0,0,0,0,0
sfdph,0,1,1,1,1,1,1,1,1,1
bajaj,0,0,0,0,0,0,0,0,0,0
carlzimmer,0,0,0,0,0,0,0,0,0,0
pkmkb,0,0,0,0,0,0,0,0,0,0
injection,0,0,0,0,0,0,0,0,0,0
knowthey,0,0,0,0,0,0,0,0,0,0
tracking,0,0,0,0,0,0,0,0,0,0
surpassed,0,0,0,0,0,0,0,0,0,0
fa9v6wgbbz,0,0,0,0,0,0,0,0,0,0
b5c4pnwxln,0,0,0,0,0,0,0,0,0,0
morenazee,0,0,0,0,0,0,0,0,0,0
cancelled,0,0,0,0,0,0,0,0,0,0
jonnygeller,0,0,0,0,0,0,0,0,0,0
wussydoc,0,0,0,0,0,0,0,0,0,0
bulet,0,0,0,0,0,0,0,0,0,0
bosen,0,0,0,0,0,0,0,0,0,0
mjlee,0,0,0,0,0,0,0,0,0,0
distancing,0,0,0,0,0,0,0,0,0,0
confused,0,0,0,0,0,0,0,0,0,0
annamiepaul,0,57,57,57,57,57,57,57,57,57
t2buhg57gf,0,0,0,0,0,0,0,0,0,0
borders,0,0,0,0,0,0,0,0,0,0
appears,0,0,0,0,0,0,0,0,0,0
accessing,0,0,0,0,0,0,0,0,0,0
based,0,1,1,1,1,1,1,1,1,1
illinois,0,0,0,0,0,0,0,0,0,0
govts,0,0,0,0,0,0,0,0,0,0
pikzi80bxj,0,0,0,0,0,0,0,0,0,0
mxxsxpaadv,0,0,0,0,0,0,0,0,0,0
heidigiokos,0,0,0,0,0,0,0,0,0,0
reactions,0,0,0,0,0,0,0,0,0,0
adverse,0,0,0,0,0,0,0,0,0,0
leaves,0,0,0,0,0,0,0,0,0,0
provincial,0,0,0,0,0,0,0,0,0,0
usfda,0,0,0,0,0,0,0,0,0,0
klutz,0,0,0,0,0,0,0,0,0,0
palestine,0,0,0,0,0,0,0,0,0,0
pagoh,0,0,0,0,0,0,0,0,0,0
kills,0,0,0,0,0,0,0,0,0,0
scheduled,0,0,0,0,0,0,0,0,0,0
wants,0,5,5,5,5,5,5,5,5,5
dinin,0,0,0,0,0,0,0,0,0,0
921people,0,0,0,0,0,0,0,0,0,0
deaneoreilly,0,0,0,0,0,0,0,0,0,0
unwell,0,0,0,0,0,0,0,0,0,0
arieldumas,0,0,0,0,0,0,0,0,0,0
yelled,0,0,0,0,0,0,0,0,0,0
games,0,1,1,1,1,1,1,1,1,1
indepdubnrth,0,65,65,65,65,65,65,65,65,65
calculator,0,0,0,0,0,0,0,0,0,0
rigginsslim,0,0,0,0,0,0,0,0,0,0
immunity,0,0,0,0,0,0,0,0,0,0
bbn86j0tsb,0,0,0,0,0,0,0,0,0,0
piakutts,0,0,0,0,0,0,0,0,0,0
hopes,0,0,0,0,0,0,0,0,0,0
dpjkvsny25,0,0,0,0,0,0,0,0,0,0
ameriprise,0,0,0,0,0,0,0,0,0,0
writemeenal,0,0,0,0,0,0,0,0,0,0
yorkers,0,0,0,0,0,0,0,0,0,0
mailonline,0,0,0,0,0,0,0,0,0,0
finished,0,0,0,0,0,0,0,0,0,0
manufacture,0,0,0,0,0,0,0,0,0,0
praising,0,0,0,0,0,0,0,0,0,0
covered,0,0,0,0,0,0,0,0,0,0
megtirrell,0,0,0,0,0,0,0,0,0,0
goosebumps,0,0,0,0,0,0,0,0,0,0
listening,0,0,0,0,0,0,0,0,0,0
trehan,0,0,0,0,0,0,0,0,0,0
limbaugh,0,1,1,1,1,1,1,1,1,1
sisters,0,0,0,0,0,0,0,0,0,0
nationalism,0,2,2,2,2,2,2,2,2,2
authorities,0,0,0,0,0,0,0,0,0,0
persons,0,0,0,0,0,0,0,0,0,0
childrens,0,0,0,0,0,0,0,0,0,0
culchieegirl,0,0,0,0,0,0,0,0,0,0
janhavee,0,0,0,0,0,0,0,0,0,0
scots,0,0,0,0,0,0,0,0,0,0
jimmykimmel,0,1,1,1,1,1,1,1,1,1
mohfwindia,0,0,0,0,0,0,0,0,0,0
dremmanash,0,0,0,0,0,0,0,0,0,0
sentletse,0,0,0,0,0,0,0,0,0,0
moved,0,0,0,0,0,0,0,0,0,0
fqotjpc9dd,0,0,0,0,0,0,0,0,0,0
miles,0,0,0,0,0,0,0,0,0,0
zoeharcombe,0,0,0,0,0,0,0,0,0,0
moves,0,0,0,0,0,0,0,0,0,0
sherrysworld,0,0,0,0,0,0,0,0,0,0
fannychoir,0,0,0,0,0,0,0,0,0,0
theyve,0,0,0,0,0,0,0,0,0,0
plandemic,0,0,0,0,0,0,0,0,0,0
experiencing,0,0,0,0,0,0,0,0,0,0
centers,0,12,12,12,12,12,12,12,12,12
distributed,0,0,0,0,0,0,0,0,0,0
urged,0,0,0,0,0,0,0,0,0,0
dlfja7xisz,0,0,0,0,0,0,0,0,0,0
urges,0,0,0,0,0,0,0,0,0,0
mcsc74oi6x,0,0,0,0,0,0,0,0,0,0
siltdeiprv,0,0,0,0,0,0,0,0,0,0
healthcare,0,0,0,0,0,0,0,0,0,0
sso1hcsvin,0,0,0,0,0,0,0,0,0,0
decisions,0,0,0,0,0,0,0,0,0,0
jontrickett,0,0,0,0,0,0,0,0,0,0
mechapoetic,0,0,0,0,0,0,0,0,0,0
angelafolmar,0,0,0,0,0,0,0,0,0,0
qqixbqhybt,0,0,0,0,0,0,0,0,0,0
implemented,0,0,0,0,0,0,0,0,0,0
costellop,0,0,0,0,0,0,0,0,0,0
punrai,0,0,0,0,0,0,0,0,0,0
prayers,0,0,0,0,0,0,0,0,0,0
liamstack,0,0,0,0,0,0,0,0,0,0
dvwbndlieh,0,0,0,0,0,0,0,0,0,0
pfaiz,0,0,0,0,0,0,0,0,0,0
danbarrynyt,0,0,0,0,0,0,0,0,0,0
qikipedia,0,0,0,0,0,0,0,0,0,0
potus,0,0,0,0,0,0,0,0,0,0
suggested,0,0,0,0,0,0,0,0,0,0
milestone,0,0,0,0,0,0,0,0,0,0
using,0,12,12,12,12,12,12,12,12,12
mitigation,0,0,0,0,0,0,0,0,0,0
containing,0,0,0,0,0,0,0,0,0,0
completed,0,0,0,0,0,0,0,0,0,0
hornik,0,0,0,0,0,0,0,0,0,0
overtime,0,0,0,0,0,0,0,0,0,0
predecessor,0,1,1,1,1,1,1,1,1,1
increases,0,0,0,0,0,0,0,0,0,0
zg7u9abpwn,0,0,0,0,0,0,0,0,0,0
rzlzsiyzw0,0,0,0,0,0,0,0,0,0,0
46378,0,0,0,0,0,0,0,0,0,0
kecb3frw13,0,0,0,0,0,0,0,0,0,0
oskardini,0,0,0,0,0,0,0,0,0,0
theyll,0,0,0,0,0,0,0,0,0,0
trumps,0,1,1,1,1,1,1,1,1,1
mjrowland68,0,8,8,8,8,8,8,8,8,8
challenging,0,0,0,0,0,0,0,0,0,0
sunlorrie,0,0,0,0,0,0,0,0,0,0
hajis,0,0,0,0,0,0,0,0,0,0
lvkmxn,0,0,0,0,0,0,0,0,0,0
senate,0,0,0,0,0,0,0,0,0,0
blackmajiik,0,0,0,0,0,0,0,0,0,0
truce,0,0,0,0,0,0,0,0,0,0
defene,0,0,0,0,0,0,0,0,0,0
learned,0,0,0,0,0,0,0,0,0,0
sarabelponmd,0,0,0,0,0,0,0,0,0,0
dangers,0,0,0,0,0,0,0,0,0,0
flirty,0,0,0,0,0,0,0,0,0,0
obscurantism,0,0,0,0,0,0,0,0,0,0
mtgreenee,0,0,0,0,0,0,0,0,0,0
criminals,0,0,0,0,0,0,0,0,0,0
neutralizing,0,0,0,0,0,0,0,0,0,0
liberalparty,0,0,0,0,0,0,0,0,0,0
qnsk45qoku,0,0,0,0,0,0,0,0,0,0
zg9k6anjx6,0,0,0,0,0,0,0,0,0,0
svbgctbhhr,0,0,0,0,0,0,0,0,0,0
accounts,0,0,0,0,0,0,0,0,0,0
jquiiovguk,0,0,0,0,0,0,0,0,0,0
persuaders,0,0,0,0,0,0,0,0,0,0
ya5eekqr64,0,0,0,0,0,0,0,0,0,0
connections,0,0,0,0,0,0,0,0,0,0
da2oxpvxvo,0,0,0,0,0,0,0,0,0,0
jalgia0hup,0,0,0,0,0,0,0,0,0,0
22000000,0,0,0,0,0,0,0,0,0,0
prosecuting,0,0,0,0,0,0,0,0,0,0
milktruck,0,0,0,0,0,0,0,0,0,0
treatments,0,0,0,0,0,0,0,0,0,0
qsvjjxwsq9,0,0,0,0,0,0,0,0,0,0
auldtimer,0,0,0,0,0,0,0,0,0,0
submitted,0,0,0,0,0,0,0,0,0,0
11602056,0,0,0,0,0,0,0,0,0,0
plans,0,4,4,4,4,4,4,4,4,4
containment,0,0,0,0,0,0,0,0,0,0
1qh0vylhsx,0,0,0,0,0,0,0,0,0,0
thrombo,0,0,0,0,0,0,0,0,0,0
awesome,0,0,0,0,0,0,0,0,0,0
yyy7l5kslg,0,0,0,0,0,0,0,0,0,0
mishgtswia,0,0,0,0,0,0,0,0,0,0
hiwhuibuf1,0,0,0,0,0,0,0,0,0,0
shrinkage,0,0,0,0,0,0,0,0,0,0
developed,0,0,0,0,0,0,0,0,0,0
shipping,0,0,0,0,0,0,0,0,0,0
visiting,0,0,0,0,0,0,0,0,0,0
divorcing,0,0,0,0,0,0,0,0,0,0
regulators,0,0,0,0,0,0,0,0,0,0
eppca9s8js,0,0,0,0,0,0,0,0,0,0
signs,0,0,0,0,0,0,0,0,0,0
fulfilli,0,0,0,0,0,0,0,0,0,0
wearing,0,0,0,0,0,0,0,0,0,0
false,0,0,0,0,0,0,0,0,0,0
roosevelt,0,0,0,0,0,0,0,0,0,0
onpointmp,0,0,0,0,0,0,0,0,0,0
urgirlblair,0,0,0,0,0,0,0,0,0,0
messaging,0,0,0,0,0,0,0,0,0,0
keirstarmer,0,0,0,0,0,0,0,0,0,0
vaj4wjvuse,0,0,0,0,0,0,0,0,0,0
recommending,0,1,1,1,1,1,1,1,1,1
kihyunbread,0,0,0,0,0,0,0,0,0,0
emerged,0,0,0,0,0,0,0,0,0,0
bjsshdy5xd,0,0,0,0,0,0,0,0,0,0
italy,0,0,0,0,0,0,0,0,0,0
offli,0,0,0,0,0,0,0,0,0,0
vogue,0,0,0,0,0,0,0,0,0,0
conspiracism,0,0,0,0,0,0,0,0,0,0
facilities,0,0,0,0,0,0,0,0,0,0
farukh,0,0,0,0,0,0,0,0,0,0
posts,0,1,1,1,1,1,1,1,1,1
reuters,0,0,0,0,0,0,0,0,0,0
falls,0,0,0,0,0,0,0,0,0,0
contagious,0,0,0,0,0,0,0,0,0,0
poste,0,0,0,0,0,0,0,0,0,0
administered,0,0,0,0,0,0,0,0,0,0
modis,0,0,0,0,0,0,0,0,0,0
3bzdpxkuc1,0,0,0,0,0,0,0,0,0,0
restrictions,0,0,0,0,0,0,0,0,0,0
9m4k6tjv,0,0,0,0,0,0,0,0,0,0
dozens,0,0,0,0,0,0,0,0,0,0
murphy,0,0,0,0,0,0,0,0,0,0
billionaire,0,0,0,0,0,0,0,0,0,0
coronavirus,0,0,0,0,0,0,0,0,0,0
demanding,0,0,0,0,0,0,0,0,0,0
backs,0,1,1,1,1,1,1,1,1,1
baltimore,0,0,0,0,0,0,0,0,0,0
threatening,0,0,0,0,0,0,0,0,0,0
trends,0,0,0,0,0,0,0,0,0,0
tyj1apgif2,0,0,0,0,0,0,0,0,0,0
requested,0,0,0,0,0,0,0,0,0,0
stopping,0,0,0,0,0,0,0,0,0,0
ltgyxouuen,0,0,0,0,0,0,0,0,0,0
stops,0,3,3,3,3,3,3,3,3,3
conditions,0,0,0,0,0,0,0,0,0,0
wiped,0,0,0,0,0,0,0,0,0,0
b3bjc3zgq6,0,0,0,0,0,0,0,0,0,0
loads,0,0,0,0,0,0,0,0,0,0
ykvboe9hmz,0,0,0,0,0,0,0,0,0,0
c5yt1shhlu,0,0,0,0,0,0,0,0,0,0
realer,0,0,0,0,0,0,0,0,0,0
headlines,0,0,0,0,0,0,0,0,0,0
counties,0,0,0,0,0,0,0,0,0,0
records,0,0,0,0,0,0,0,0,0,0
guidi,0,0,0,0,0,0,0,0,0,0
allocation,0,0,0,0,0,0,0,0,0,0
types,0,1,1,1,1,1,1,1,1,1
genders,0,0,0,0,0,0,0,0,0,0
passports,0,2,2,2,2,2,2,2,2,2
chomuwale,0,0,0,0,0,0,0,0,0,0
xj654kyoxw,0,0,0,0,0,0,0,0,0,0
vume3whymf,0,0,0,0,0,0,0,0,0,0
wwfpmo,0,0,0,0,0,0,0,0,0,0
physicians,0,0,0,0,0,0,0,0,0,0
kohlimyjaan,0,0,0,0,0,0,0,0,0,0
ackman,0,0,0,0,0,0,0,0,0,0
antibody,0,0,0,0,0,0,0,0,0,0
eyvdi0ddlb,0,0,0,0,0,0,0,0,0,0
drivers,0,0,0,0,0,0,0,0,0,0
announcing,0,0,0,0,0,0,0,0,0,0
sreenivasan,0,0,0,0,0,0,0,0,0,0
1970s,0,0,0,0,0,0,0,0,0,0
hesitancy,0,0,0,0,0,0,0,0,0,0
j35kj4idpd,0,0,0,0,0,0,0,0,0,0
highlights,0,1,1,1,1,1,1,1,1,1
govmurphy,0,0,0,0,0,0,0,0,0,0
responses,0,0,0,0,0,0,0,0,0,0
leaders,0,0,0,0,0,0,0,0,0,0
kkeneally,0,0,0,0,0,0,0,0,0,0
utterly,0,0,0,0,0,0,0,0,0,0
kmghiccf7j,0,0,0,0,0,0,0,0,0,0
filed,0,0,0,0,0,0,0,0,0,0
comparing,0,0,0,0,0,0,0,0,0,0
deliveries,0,0,0,0,0,0,0,0,0,0
ranks,0,0,0,0,0,0,0,0,0,0
x9dp5zv8bo,0,0,0,0,0,0,0,0,0,0
balls,0,0,0,0,0,0,0,0,0,0
zubymusic,0,0,0,0,0,0,0,0,0,0
thewire,0,0,0,0,0,0,0,0,0,0
efficacy,0,0,0,0,0,0,0,0,0,0
